ID đơn hàng,Trạng thái đặt hàng,Checkout id,Thời Gian Đặt Hàng,Thời gian hoàn thành,Thời gian Click,Tên Shop,Shop id,Loại Shop,Item id,Tên Item,ID Model,Loại sản phẩm,Promotion id,L1 Danh mục toàn cầu,L2 Danh mục toàn cầu,L3 Danh mục toàn cầu,Giá(₫),Số lượng,Loại Hoa hồng,Đối tác chiến dịchr,Giá trị đơn hàng (₫),Số tiền hoàn trả (₫),Tỷ lệ sản phẩm hoa hồng Shope,Hoa hồng Shopee trên sản phẩm(₫),Tỷ lệ sản phẩm hoa hồng người bán,Hoa hồng Xtra trên sản phẩm(₫),Tổng hoa hồng sản phẩm(₫),Hoa hồng đơn hàng từ Shopee(₫),Hoa hồng đơn hàng từ Người bán(₫),Tổng hoa hồng đơn hàng(₫),Tên MNC đã liên kết,Mã hợp đồng MCN,Mức phí quản lý MCN,Phí quản lý MCN(₫),Mức hoa hồng tiếp thị liên kết theo thỏa thuận,Hoa hồng ròng tiếp thị liên kết(₫),Trạng thái sản phẩm liên kết,Ghi chú sản phẩm,Loại thuộc tính,Trạng thái người mua,Sub_id1,Sub_id2,Sub_id3,Sub_id4,Sub_id5,Kênh
251126PWKVGV3A,Đang chờ xử lý,217787720201329,2025-11-25 23:35:20,,2025-11-25 00:17:34,Gạo Store Hoàng Mai,265385542,Preferred(Non-CB),26310373345,Chảo chống dính sâu lòng mini 18cm đun bếp từ có nắp,256562673391,Normal Product,,Nhà cửa & Đời sống,Dụng cụ nhà bếp,Chảo,175000,1,XTRA Comm,,165000,,5.00%,8250,1.25%,2062.5,10312.5,8250,2062.5,10312.5,,0,0.00%,0,100.00%,10312.5,Đang chờ xử lý,"Trạng thái của sản phẩm đang chờ xử lý, hoa hồng sẽ chỉ được thanh toán khi nó được hoàn thành",Đơn hàng từ các Shop khác nhau,Đã tồn tại,CB4_8_20251106042339,,,,,Facebook
251126PWC8DKEY,Đang chờ xử lý,217787464241020,2025-11-25 23:31:08,,2025-11-24 14:10:35,Đũa dùng 1 lần,83790939,C2C(Non-CB),22627146418,sét 1.000 cái thìa nhựa dùng 1 lần Cao Cấp,175624258547,Normal Product,,Nhà cửa & Đời sống,Trang trí tiệc tùng,"Chén, đĩa dùng một lần",110000,1,Shopee Comm,,110000,,5.00%,5500,0.00%,0,5500,5500,0,5500,,0,0.00%,0,100.00%,5500,Đang chờ xử lý,"Trạng thái của sản phẩm đang chờ xử lý, hoa hồng sẽ chỉ được thanh toán khi nó được hoàn thành",Đơn hàng từ các Shop khác nhau,Đã tồn tại,CB4_8_20251106042339,,,,,Facebook
251126PW1WG6D2,Đang chờ xử lý,217787117253167,2025-11-25 23:25:18,,2025-11-25 07:41:59,inongsoc.kid,863161263,Preferred(Non-CB),12698972954,Quần da cá lạnh xuất hàn cho bé trai có 4 màu size từ 10-22 cân,29705851186,Normal Product,,Thời trang trẻ em & trẻ sơ sinh,Quần áo trẻ em,Quần/Chân váy,9000,1,XTRA Comm,,6955,,0.00%,0,7.50%,521.625,521.625,0,23831.775,23831.775,,0,0.00%,0,100.00%,23831.775,Đang chờ xử lý,"Trạng thái của sản phẩm đang chờ xử lý, hoa hồng sẽ chỉ được thanh toán khi nó được hoàn thành",Đơn hàng từ các Shop khác nhau,Đã tồn tại,CB4_8_20251106042339,,,,,Facebook
251126PW1WG6D2,Đang chờ xử lý,217787117253167,2025-11-25 23:25:18,,2025-11-25 07:41:59,inongsoc.kid,863161263,Preferred(Non-CB),22355108724,Set 3 chi tiết 2 áo 1 quần Minnie Disney dư xịn cho bé gái siêu xinh,176102655547,Normal Product,,Thời trang trẻ em & trẻ sơ sinh,Quần áo trẻ em,Bộ quần áo,29000,1,XTRA Comm,,22011,,0.00%,0,7.50%,1650.825,1650.825,0,0,0,,0,0.00%,0,100.00%,0,Đang chờ xử lý,"Trạng thái của sản phẩm đang chờ xử lý, hoa hồng sẽ chỉ được thanh toán khi nó được hoàn thành",Đơn hàng từ các Shop khác nhau,Đã tồn tại,CB4_8_20251106042339,,,,,Facebook
251126PW1WG6D2,Đang chờ xử lý,217787117253167,2025-11-25 23:25:18,,2025-11-25 07:41:59,inongsoc.kid,863161263,Preferred(Non-CB),22745436760,Bộ cotton cộc tay hoạ tiết NY M.L.B màu đen cho bé trai size từ 12-35 cân,194366135346,Normal Product,,Thời trang trẻ em & trẻ sơ sinh,Quần áo trẻ em,Bộ quần áo,39000,1,XTRA Comm,,29639,,0.00%,0,7.50%,2222.925,2222.925,0,0,0,,0,0.00%,0,100.00%,0,Đang chờ xử lý,"Trạng thái của sản phẩm đang chờ xử lý, hoa hồng sẽ chỉ được thanh toán khi nó được hoàn thành",Đơn hàng từ các Shop khác nhau,Đã tồn tại,CB4_8_20251106042339,,,,,Facebook
251126PW1WG6D2,Đang chờ xử lý,217787117253167,2025-11-25 23:25:18,,2025-11-25 07:41:59,inongsoc.kid,863161263,Preferred(Non-CB),23370804713,[ HÀNG HOT ] Bộ thể thao thun lạnh in hình siêu nhân cho bé trai size từ 12-25 cân,204363720355,Normal Product,,Thời trang trẻ em & trẻ sơ sinh,Quần áo trẻ em,Bộ quần áo,29000,1,XTRA Comm,,22011,,0.00%,0,7.50%,1650.825,1650.825,0,0,0,,0,0.00%,0,100.00%,0,Đang chờ xử lý,"Trạng thái của sản phẩm đang chờ xử lý, hoa hồng sẽ chỉ được thanh toán khi nó được hoàn thành",Đơn hàng từ các Shop khác nhau,Đã tồn tại,CB4_8_20251106042339,,,,,Facebook
251126PW1WG6D2,Đang chờ xử lý,217787117253167,2025-11-25 23:25:18,,2025-11-25 07:41:59,inongsoc.kid,863161263,Preferred(Non-CB),25919575977,Set 3 chi tiết kèm yếm hm cho bé trai bé gái size từ 10-22 cân,176382868232,Normal Product,,Thời trang trẻ em & trẻ sơ sinh,Quần áo trẻ em,Bộ đồ liền thân,49000,1,XTRA Comm,,37267,,0.00%,0,7.50%,2795.025,2795.025,0,0,0,,0,0.00%,0,100.00%,0,Đang chờ xử lý,"Trạng thái của sản phẩm đang chờ xử lý, hoa hồng sẽ chỉ được thanh toán khi nó được hoàn thành",Đơn hàng từ các Shop khác nhau,Đã tồn tại,CB4_8_20251106042339,,,,,Facebook
251126PW1WG6D2,Đang chờ xử lý,217787117253167,2025-11-25 23:25:18,,2025-11-25 07:41:59,inongsoc.kid,863161263,Preferred(Non-CB),12698972954,Quần da cá lạnh xuất hàn cho bé trai có 4 màu size từ 10-22 cân,29392626669,Normal Product,,Thời trang trẻ em & trẻ sơ sinh,Quần áo trẻ em,Quần/Chân váy,9000,1,XTRA Comm,,6957,,0.00%,0,7.50%,521.775,521.775,0,0,0,,0,0.00%,0,100.00%,0,Đang chờ xử lý,"Trạng thái của sản phẩm đang chờ xử lý, hoa hồng sẽ chỉ được thanh toán khi nó được hoàn thành",Đơn hàng từ các Shop khác nhau,Đã tồn tại,CB4_8_20251106042339,,,,,Facebook
251126PW1WG6D2,Đang chờ xử lý,217787117253167,2025-11-25 23:25:18,,2025-11-25 07:41:59,inongsoc.kid,863161263,Preferred(Non-CB),19183384193,Set bộ Disney Minnie dư xịn dòng nhí cho bé gái,177827488166,Normal Product,,Thời trang trẻ em & trẻ sơ sinh,Quần áo trẻ em,Bộ quần áo,29000,1,XTRA Comm,,22411,,0.00%,0,7.50%,1680.825,1680.825,0,0,0,,0,0.00%,0,100.00%,0,Đang chờ xử lý,"Trạng thái của sản phẩm đang chờ xử lý, hoa hồng sẽ chỉ được thanh toán khi nó được hoàn thành",Đơn hàng từ các Shop khác nhau,Đã tồn tại,CB4_8_20251106042339,,,,,Facebook
251126PW1WG6D2,Đang chờ xử lý,217787117253167,2025-11-25 23:25:18,,2025-11-25 07:41:59,inongsoc.kid,863161263,Preferred(Non-CB),19889803610,Bộ cotton cộc tay gấu Palm Angle cho bé trai size từ 14-38 cân,137611641967,Normal Product,,Thời trang trẻ em & trẻ sơ sinh,Quần áo trẻ em,Bộ quần áo,29000,1,XTRA Comm,,22311,,0.00%,0,7.50%,1673.325,1673.325,0,0,0,,0,0.00%,0,100.00%,0,Đang chờ xử lý,"Trạng thái của sản phẩm đang chờ xử lý, hoa hồng sẽ chỉ được thanh toán khi nó được hoàn thành",Đơn hàng từ các Shop khác nhau,Đã tồn tại,CB4_8_20251106042339,,,,,Facebook
251126PW1WG6D2,Đang chờ xử lý,217787117253167,2025-11-25 23:25:18,,2025-11-25 07:41:59,inongsoc.kid,863161263,Preferred(Non-CB),22355108724,Set 3 chi tiết 2 áo 1 quần Minnie Disney dư xịn cho bé gái siêu xinh,176102655583,Normal Product,,Thời trang trẻ em & trẻ sơ sinh,Quần áo trẻ em,Bộ quần áo,29000,1,XTRA Comm,,22011,,0.00%,0,7.50%,1650.825,1650.825,0,0,0,,0,0.00%,0,100.00%,0,Đang chờ xử lý,"Trạng thái của sản phẩm đang chờ xử lý, hoa hồng sẽ chỉ được thanh toán khi nó được hoàn thành",Đơn hàng từ các Shop khác nhau,Đã tồn tại,CB4_8_20251106042339,,,,,Facebook
251126PW1WG6D2,Đang chờ xử lý,217787117253167,2025-11-25 23:25:18,,2025-11-25 07:41:59,inongsoc.kid,863161263,Preferred(Non-CB),22845503290,Set bộ polo hoạ tiết Ny M.lb cho bé trai bé gái màu tím than size từ 20-45 cân,196817029478,Normal Product,,Thời trang trẻ em & trẻ sơ sinh,Quần áo trẻ em,Bộ quần áo,49000,1,XTRA Comm,,37267,,0.00%,0,7.50%,2795.025,2795.025,0,0,0,,0,0.00%,0,100.00%,0,Đang chờ xử lý,"Trạng thái của sản phẩm đang chờ xử lý, hoa hồng sẽ chỉ được thanh toán khi nó được hoàn thành",Đơn hàng từ các Shop khác nhau,Đã tồn tại,CB4_8_20251106042339,,,,,Facebook
251126PW1WG6D2,Đang chờ xử lý,217787117253167,2025-11-25 23:25:18,,2025-11-25 07:41:59,inongsoc.kid,863161263,Preferred(Non-CB),25103200989,Set bộ khoác nỉ kết hợp quần short nỉ da cá khủng long 3D cho bé trai màu nâu be size từ 12-24 cân,99484439497,Normal Product,,Thời trang trẻ em & trẻ sơ sinh,Quần áo trẻ em,Bộ quần áo,39000,1,XTRA Comm,,29639,,0.00%,0,7.50%,2222.925,2222.925,0,0,0,,0,0.00%,0,100.00%,0,Đang chờ xử lý,"Trạng thái của sản phẩm đang chờ xử lý, hoa hồng sẽ chỉ được thanh toán khi nó được hoàn thành",Đơn hàng từ các Shop khác nhau,Đã tồn tại,CB4_8_20251106042339,,,,,Facebook
251126PW1WG6D2,Đang chờ xử lý,217787117253167,2025-11-25 23:25:18,,2025-11-25 07:41:59,inongsoc.kid,863161263,Preferred(Non-CB),25103200989,Set bộ khoác nỉ kết hợp quần short nỉ da cá khủng long 3D cho bé trai màu nâu be size từ 12-24 cân,99484439499,Normal Product,,Thời trang trẻ em & trẻ sơ sinh,Quần áo trẻ em,Bộ quần áo,39000,1,XTRA Comm,,29639,,0.00%,0,7.50%,2222.925,2222.925,0,0,0,,0,0.00%,0,100.00%,0,Đang chờ xử lý,"Trạng thái của sản phẩm đang chờ xử lý, hoa hồng sẽ chỉ được thanh toán khi nó được hoàn thành",Đơn hàng từ các Shop khác nhau,Đã tồn tại,CB4_8_20251106042339,,,,,Facebook
251126PW1WG6D2,Đang chờ xử lý,217787117253167,2025-11-25 23:25:18,,2025-11-25 07:41:59,inongsoc.kid,863161263,Preferred(Non-CB),25268311378,Set bộ bé trai in hình khủng long quần dáng suông style hàn nhà Hisun size từ 15-45 cân,207363449256,Normal Product,,Thời trang trẻ em & trẻ sơ sinh,Quần áo trẻ em,Bộ quần áo,39000,1,XTRA Comm,,29639,,0.00%,0,7.50%,2222.925,2222.925,0,0,0,,0,0.00%,0,100.00%,0,Đang chờ xử lý,"Trạng thái của sản phẩm đang chờ xử lý, hoa hồng sẽ chỉ được thanh toán khi nó được hoàn thành",Đơn hàng từ các Shop khác nhau,Đã tồn tại,CB4_8_20251106042339,,,,,Facebook
251125PTXFC34S,Đang chờ xử lý,217784854285403,2025-11-25 22:47:34,,2025-11-25 22:42:47,MT Shop Hàng Quảng Châu,26918633,C2C(Non-CB),20886136385,Áo phao lót lông cổ bẻ cho mẹ/bà hàng QC 2023 Kèm ảnh Thật [Sẵn Hàng],167934797069,Normal Product,,Thời Trang Nữ,Áo khoác,Áo khoác mùa đông,199200,1,Shopee Comm,,199200,,5.00%,9960,0.00%,0,9960,9960,0,9960,,0,0.00%,0,100.00%,9960,Đang chờ xử lý,"Trạng thái của sản phẩm đang chờ xử lý, hoa hồng sẽ chỉ được thanh toán khi nó được hoàn thành",Đơn hàng từ các Shop khác nhau,Đã tồn tại,CB4_8_20251106042339,,,,,Facebook
251125PPPKGA5P,Đang chờ xử lý,217780295217605,2025-11-25 21:31:36,,2025-11-24 22:16:00,VUA BẠC ĐẠN SHOP,390985543,Preferred(Non-CB),25853161072,"[HOT] Vòng bi bạc đạn KOYO 6200/32, 6200 ngoài 32, 10329 (10x32x9) chế lốc nồi AB, bỏ bạc thau (Ảnh thật 100%)",69730456621,Normal Product,,"Mô tô, xe máy",Phụ tùng xe máy,Hệ thống dẫn động,49800,4,Shopee Comm,,175296,,5.00%,8764.8,0.00%,0,8764.8,8764.8,0,8764.8,,0,0.00%,0,100.00%,8764.8,Đang chờ xử lý,"Trạng thái của sản phẩm đang chờ xử lý, hoa hồng sẽ chỉ được thanh toán khi nó được hoàn thành",Đơn hàng từ các Shop khác nhau,Đã tồn tại,CB4_8_20251106042339,,,,,Facebook
251125PJYAY8ST,Đang chờ xử lý,217776293290465,2025-11-25 20:24:53,,2025-11-24 17:53:50,OVQ Vietnam,1151395421,Preferred(Non-CB),24260896654,Combo 5 Mặt Nạ Dưỡng Ẩm OVQ Nhật Bản Dành riêng cho da nhạy cảm và da mụn xoa dịu tổn thương dưỡng sáng mịn da,252178477949,Normal Product,,Sắc Đẹp,Chăm sóc da mặt,Mặt nạ,80000,1,XTRA Comm,,60000,,5.00%,3000,6.00%,3600,6600,3000,3600,6600,,0,0.00%,0,100.00%,6600,Đang chờ xử lý,"Trạng thái của sản phẩm đang chờ xử lý, hoa hồng sẽ chỉ được thanh toán khi nó được hoàn thành",Đơn hàng từ các Shop khác nhau,Đã tồn tại,CB4_8_20251106042339,,,,,Facebook
251125PJNM1FS7,Đang chờ xử lý,217775967262686,2025-11-25 20:19:28,,2025-11-25 20:17:53,Shop Mẹ Bông2015,4334263,Preferred(Non-CB),7243853901,Combo 5 bộ quần áo ba lỗ bé trai sét bóng rổ size 3 - 14kg...,21377474179,Normal Product,,Thời trang trẻ em & trẻ sơ sinh,Quần áo bé trai,Com lê & đồ bộ,103000,1,XTRA Comm,,103000,,0.00%,0,2.50%,2575,2575,0,2575,2575,,0,0.00%,0,100.00%,2575,Đang chờ xử lý,"Trạng thái của sản phẩm đang chờ xử lý, hoa hồng sẽ chỉ được thanh toán khi nó được hoàn thành",Đơn hàng từ các Shop khác nhau,Đã tồn tại,CB4_8_20251106042339,,,,,Facebook
251125PJ56GPJX,Đang chờ xử lý,217775416204223,2025-11-25 20:10:16,,2025-11-25 06:34:13,zr520.vn,306203064,C2C(CB),29583658926,Ốp Lưng Cho Huawei Band 10 10NFC 9 9NFC 8 8NFC Vỏ Bảo Vệ Thể Thao Khung PC Chất Lượng Cao Nửa Gói rỗng ra Slim Phụ Kiện Đồng Hồ ,208432078121,Normal Product,,Điện Thoại & Phụ Kiện,Phụ kiện,Phụ kiện cho đồng hồ thông minh,23482,1,XTRA Comm,,21082,,5.00%,1054.1,2.00%,421.64,1475.74,1054.1,421.64,1475.74,,0,0.00%,0,100.00%,1475.74,Đang chờ xử lý,"Trạng thái của sản phẩm đang chờ xử lý, hoa hồng sẽ chỉ được thanh toán khi nó được hoàn thành",Đơn hàng từ các Shop khác nhau,Đã tồn tại,CB4_8_20251106042339,,,,,Facebook
251125PHR110SS,Đang chờ xử lý,217774974248286,2025-11-25 20:02:58,,2025-11-25 10:49:53,Dụng Cụ & Thiết Bị NĐ,740574075,Preferred(Non-CB),22100886346,Vỏ máy mài 100m Makita M0910B công tắc đui,182797473487,Normal Product,,Nhà cửa & Đời sống,Dụng cụ & Thiết bị tiện ích,Dụng cụ,115000,1,Shopee Comm,,80000,,5.00%,4000,0.00%,0,4000,4000,0,4000,,0,0.00%,0,100.00%,4000,Đang chờ xử lý,"Trạng thái của sản phẩm đang chờ xử lý, hoa hồng sẽ chỉ được thanh toán khi nó được hoàn thành",Đơn hàng từ các Shop khác nhau,Đã tồn tại,CB4_8_20251106042339,,,,,Facebook
251125PHAMV47D,Đang chờ xử lý,217774525298498,2025-11-25 19:55:25,,2025-11-25 10:35:40,giangmun00,100111563,C2C(Non-CB),6378313307,"Thước Cuộn, Thước Mét 3mét 5mét 7,5mét Inox",78419540526,Normal Product,,Nhà cửa & Đời sống,Dụng cụ & Thiết bị tiện ích,Dụng cụ,14000,1,XTRA Comm,,12321,,5.00%,616.05,4.00%,492.84,1108.89,5477.7,4382.16,9859.86,,0,0.00%,0,100.00%,9859.86,Đang chờ xử lý,"Trạng thái của sản phẩm đang chờ xử lý, hoa hồng sẽ chỉ được thanh toán khi nó được hoàn thành",Đơn hàng từ các Shop khác nhau,Đã tồn tại,CB4_8_20251106042339,,,,,Facebook
251125PHAMV47D,Đang chờ xử lý,217774525298498,2025-11-25 19:55:25,,2025-11-25 10:35:40,giangmun00,100111563,C2C(Non-CB),8791530651,"Nỉ Đánh Bóng Kim Loại, Nỉ Xám, Xơ dừa, Nỉ Đỏ, Nỉ Trắng phi100",119396271109,Normal Product,,Nhà cửa & Đời sống,Dụng cụ & Thiết bị tiện ích,Dụng cụ,8499,5,XTRA Comm,,37395,,5.00%,1869.75,4.00%,1495.8,3365.55,0,0,0,,0,0.00%,0,100.00%,0,Đang chờ xử lý,"Trạng thái của sản phẩm đang chờ xử lý, hoa hồng sẽ chỉ được thanh toán khi nó được hoàn thành",Đơn hàng từ các Shop khác nhau,Đã tồn tại,CB4_8_20251106042339,,,,,Facebook
251125PHAMV47D,Đang chờ xử lý,217774525298498,2025-11-25 19:55:25,,2025-11-25 10:35:40,giangmun00,100111563,C2C(Non-CB),29979129078,10 Viên Nỉ Đỏ/Nỉ Xám Đánh Bóng Kim Loại,237492739067,Normal Product,,Nhà cửa & Đời sống,Dụng cụ & Thiết bị tiện ích,Dụng cụ,67999,1,XTRA Comm,,59838,,5.00%,2991.9,4.00%,2393.52,5385.42,0,0,0,,0,0.00%,0,100.00%,0,Đang chờ xử lý,"Trạng thái của sản phẩm đang chờ xử lý, hoa hồng sẽ chỉ được thanh toán khi nó được hoàn thành",Đơn hàng từ các Shop khác nhau,Đã tồn tại,CB4_8_20251106042339,,,,,Facebook
251125PH432F69,Đang chờ xử lý,217774305295502,2025-11-25 19:51:45,,2025-11-25 07:21:24,LaHa Store68,275488757,Preferred(Non-CB),21147059444,Khăn quàng cổ Cashmere mỏng mềm mịn dài 200cmx70cm (KQ22),49079272735,Normal Product,,Phụ Kiện Thời Trang,Khăn choàng,,39440,1,XTRA Comm,,39440,,5.00%,1972,1.00%,394.4,2366.4,1972,394.4,2366.4,,0,0.00%,0,100.00%,2366.4,Đang chờ xử lý,"Trạng thái của sản phẩm đang chờ xử lý, hoa hồng sẽ chỉ được thanh toán khi nó được hoàn thành",Đơn hàng từ các Shop khác nhau,Đã tồn tại,CB4_8_20251106042339,,,,,Facebook
251125PGSR32CM,Đang chờ xử lý,217773958240115,2025-11-25 19:46:03,,2025-11-25 03:41:33,Tấm Lòng Nhà,1502185398,Preferred(Non-CB),51151566576,[Set 3 đôi] Găng Tay Chống Nắng UV Thời Trang Đạt Chuẩn UPF50+ Thun Lạnh Cao Cấp Co Giãn 4 Chiều,355142973208,Normal Product,,Phụ Kiện Thời Trang,Găng tay,,30099,1,XTRA Comm,,28099,,5.00%,1404.95,3.00%,842.97,2247.92,1404.95,842.97,2247.92,,0,0.00%,0,100.00%,2247.92,Đang chờ xử lý,"Trạng thái của sản phẩm đang chờ xử lý, hoa hồng sẽ chỉ được thanh toán khi nó được hoàn thành",Đơn hàng từ các Shop khác nhau,Đã tồn tại,CB4_8_20251106042339,,,,,Facebook
251125PET3YUMC,Đang chờ xử lý,217771821233389,2025-11-25 19:11:13,,2025-11-25 05:45:20,khogiadung1993,327887078,Preferred(Non-CB),24922792992,Cặp Tất silicon🍀FREESHIP🍀vớ silicon dưỡng ẩm chống nứt nẻ chuyên dùng chăm sóc bàn chân cho nam nữ,246883369027,Normal Product,,Thời Trang Nữ,Vớ/ Tất,Tất,11998,2,XTRA Comm,,23996,,5.00%,1199.8,1.00%,239.96,1439.76,1199.8,239.96,1439.76,,0,0.00%,0,100.00%,1439.76,Đang chờ xử lý,"Trạng thái của sản phẩm đang chờ xử lý, hoa hồng sẽ chỉ được thanh toán khi nó được hoàn thành",Đơn hàng từ các Shop khác nhau,Đã tồn tại,CB4_8_20251106042339,,,,,Facebook
251125PE1XJDF1,Đang chờ xử lý,217771012247731,2025-11-25 18:56:56,,2025-11-25 18:55:40,may loc nuoc nguyen lam,235481284,C2C(Non-CB),20844422585,"Van Cấp Máy Lọc Nước Ren 21-Dây 10mm - Kiểm Soát Và Bảo Vệ Nguồn Nước Gia Đình""",192247103823,Normal Product,,Thiết Bị Điện Gia Dụng,Đồ gia dụng nhà bếp,Máy lọc nước,39000,1,XTRA Comm,,39000,,5.00%,1950,1.00%,390,2340,1950,390,2340,,0,0.00%,0,100.00%,2340,Đang chờ xử lý,"Trạng thái của sản phẩm đang chờ xử lý, hoa hồng sẽ chỉ được thanh toán khi nó được hoàn thành",Đơn hàng từ các Shop khác nhau,Đã tồn tại,CB4_8_20251106042339,,,,,Others
251125PE095WRA,Đang chờ xử lý,217770956266947,2025-11-25 18:55:56,,2025-11-25 15:34:12,Eo Sport 365,528701219,Preferred(Non-CB),21648433126,"Áo Khoác Nữ Thể Thao Tay Dài Có Xỏ Ngón, Chất Liệu Co Giãn 4 Chiều, Phù Hợp Tập Gym, Yoga, Zumba( Áo Khoác K Mũ Ak01)",227539665860,Normal Product,,Thể Thao & Dã Ngoại,Thời Trang Thể Thao & Dã Ngoại,Áo Khoác,79000,1,XTRA Comm,,79000,,5.00%,3950,3.50%,2765,6715,3950,2765,6715,,0,0.00%,0,100.00%,6715,Đang chờ xử lý,"Trạng thái của sản phẩm đang chờ xử lý, hoa hồng sẽ chỉ được thanh toán khi nó được hoàn thành",Đơn hàng từ các Shop khác nhau,Đã tồn tại,CB4_8_20251106042339,,,,,Facebook
251125PDBK9NSN,Đang chờ xử lý,217770262224013,2025-11-25 18:44:22,,2025-11-25 08:26:56,thanh tâm fashion,1474745961,Preferred(Non-CB),28177354590,"( Áo Ấm Tặng Bố ) Áo Khoác Phao Nam Trung Niên Tặng Bố, Tặng Ông, Tặng Ck BỀN - ĐẸP - Dày Dặn. Lót Lông Mền Mại Ấm Áp TT",79873911112,Normal Product,386285819211848_0_0,Thời Trang Nam,Áo khoác,Áo khoác mùa đông & Áo choàng,175000,1,XTRA Comm,,150500,,5.00%,7525,5.00%,7525,15050,7525,7525,15050,,0,0.00%,0,100.00%,15050,Đang chờ xử lý,"Trạng thái của sản phẩm đang chờ xử lý, hoa hồng sẽ chỉ được thanh toán khi nó được hoàn thành",Đơn hàng từ các Shop khác nhau,Đã tồn tại,CB4_8_20251106042339,,,,,Others
251125PDBK9NSN,Đang chờ xử lý,217770262224013,2025-11-25 18:44:22,,2025-11-25 08:26:56,thanh tâm fashion,1474745961,Preferred(Non-CB),41775798098,Thư cảm ơn dành cho khách hàng mua sản phẩm thời trang của shop,375010634073,Normal Product,386285819211848_0_0,Thời Trang Nữ,Áo khoác,Áo khoác mùa đông,0,1,XTRA Comm,,0,,5.00%,0,1.00%,0,0,0,0,0,,0,0.00%,0,100.00%,0,Đang chờ xử lý,"Trạng thái của sản phẩm đang chờ xử lý, hoa hồng sẽ chỉ được thanh toán khi nó được hoàn thành",Đơn hàng từ các Shop khác nhau,Đã tồn tại,CB4_8_20251106042339,,,,,Others
251125PD1E3MT9,Đang chờ xử lý,217769921241405,2025-11-25 18:38:45,,2025-11-25 09:46:53,Sạch Tinh Tươm,716353758,Preferred(Non-CB),27756989145,Nước xả vải siêu đậm đặc Hygiene Expert Care chuẩn Thái Lan lưu hương lâu,79820888030,Normal Product,,Nhà cửa & Đời sống,Dụng cụ chăm sóc nhà cửa,Phụ kiện giặt là,78000,1,XTRA Comm,,78000,,5.00%,3900,6.00%,4680,8580,3900,4680,8580,,0,0.00%,0,100.00%,8580,Đang chờ xử lý,"Trạng thái của sản phẩm đang chờ xử lý, hoa hồng sẽ chỉ được thanh toán khi nó được hoàn thành",Đơn hàng từ các Shop khác nhau,Đã tồn tại,CB4_8_20251106042339,,,,,Facebook
251125PAE9CPPA,Đang chờ xử lý,217767131279520,2025-11-25 17:52:11,,2025-11-24 18:26:30,Giadunghanoi1518,1057747465,C2C(Non-CB),29520639180,1 bao quần lót giấy (50 gói -250 cái) giá sỉ,223585827690,Normal Product,,Thời Trang Nữ,Đồ lót,Quần lót,244650,2,XTRA Comm,,420798,,5.00%,21039.9,1.00%,4207.98,25247.88,21039.9,4207.98,25247.88,,0,0.00%,0,100.00%,25247.88,Đang chờ xử lý,"Trạng thái của sản phẩm đang chờ xử lý, hoa hồng sẽ chỉ được thanh toán khi nó được hoàn thành",Đơn hàng từ các Shop khác nhau,Đã tồn tại,CB4_8_20251106042339,,,,,Facebook
251125P9C89DW5,Đang chờ xử lý,217765989277879,2025-11-25 17:33:10,,2025-11-25 12:55:12,Shop Tai Nghe Huỳnh Gia,901280010,C2C(Non-CB),23253499358,"Combo Gậy Chụp Hình Tripod 3 Chân Thân Nhôm TF 3120 Cho Điện Thoại, Máy Ảnh Tặng Kèm Remote",119094842357,Normal Product,,Cameras & Flycam,Phụ kiện máy ảnh,Chân máy ảnh,120000,1,XTRA Comm,,105600,,5.00%,5280,4.50%,4752,10032,5280,4752,10032,,0,0.00%,0,100.00%,10032,Đang chờ xử lý,"Trạng thái của sản phẩm đang chờ xử lý, hoa hồng sẽ chỉ được thanh toán khi nó được hoàn thành",Đơn hàng từ các Shop khác nhau,Đã tồn tại,CB4_8_20251106042339,,,,,Facebook
251125P8YAC7NQ,Đang chờ xử lý,217765555250046,2025-11-25 17:25:55,,2025-11-25 17:23:13,Bao Bì Thanh Nguyên,435322895,Preferred(Non-CB),26060919363,"[Lốc 50 cái] F95 Ly tàu hủ PP 200ml rau câu, kem, topping, hủ nhựa chịu nhiệt tốt",256562239954,Normal Product,,Nhà cửa & Đời sống,Dụng cụ nhà bếp,Hộp đựng thực phẩm,32000,10,Shopee Comm,,320000,,5.00%,16000,0.00%,0,16000,16000,0,16000,,0,0.00%,0,100.00%,16000,Đang chờ xử lý,"Trạng thái của sản phẩm đang chờ xử lý, hoa hồng sẽ chỉ được thanh toán khi nó được hoàn thành",Đơn hàng từ các Shop khác nhau,Đã tồn tại,CB4_8_20251106042339,,,,,Facebook
251125P8NAW0BY,Đang chờ xử lý,217765220251942,2025-11-25 17:20:21,,2025-11-23 22:45:42,VN_Torriden Official Store,436346871,Shopee Mall(CB),10402966829,"[Torriden Chính hãng] Serum DIVE IN chứa Hyaluronic Acid, 50ml, 50ml+50ml, Serum",67005609756,Normal Product,,Sắc Đẹp,Chăm sóc da mặt,Tinh chất dưỡng,314600,1,XTRA Comm,,270556,,5.00%,13527.8,7.50%,20291.7,33819.5,13527.8,20291.7,33819.5,,0,0.00%,0,100.00%,33819.5,Đang chờ xử lý,"Trạng thái của sản phẩm đang chờ xử lý, hoa hồng sẽ chỉ được thanh toán khi nó được hoàn thành",Đơn hàng từ các Shop khác nhau,Đã tồn tại,CB4_8_20251106042339,,,,,Facebook
251125P848E43S,Đang chờ xử lý,217764647246802,2025-11-25 17:10:51,,2025-11-25 17:01:41,Balo Zmbaby Official Store,1394201459,Shopee Mall(Non-CB),42407109064,"Balo cho bé mầm non, mẫu giáo ZMBABY TTH-33, balo hoạt hình 3D cho bé",280602947807,Normal Product,,Thời trang trẻ em & trẻ sơ sinh,Phụ kiện trẻ em & trẻ sơ sinh,Túi xách & vali,78000,1,XTRA Comm,,71760,,0.00%,0,3.50%,2511.6,2511.6,0,2511.6,2511.6,,0,0.00%,0,100.00%,2511.6,Đang chờ xử lý,"Trạng thái của sản phẩm đang chờ xử lý, hoa hồng sẽ chỉ được thanh toán khi nó được hoàn thành",Đơn hàng từ các Shop khác nhau,Đã tồn tại,CB4_8_20251106042339,,,,,Facebook
251125P56UMNNP,Đang chờ xử lý,217761513263250,2025-11-25 16:18:33,,2025-11-25 13:41:36,Phụ Tùng Xe Độ DTPro,6565586,C2C(Non-CB),25960610333,Gương H2C chân ngắn ( 5 cạnh ),184890802259,Normal Product,,"Mô tô, xe máy",Phụ kiện xe máy,Gương và phụ kiện,81612,1,Shopee Comm,,81612,,5.00%,4080.6,0.00%,0,4080.6,4080.6,0,4080.6,,0,0.00%,0,100.00%,4080.6,Đang chờ xử lý,"Trạng thái của sản phẩm đang chờ xử lý, hoa hồng sẽ chỉ được thanh toán khi nó được hoàn thành",Đơn hàng từ các Shop khác nhau,Đã tồn tại,CB4_8_20251106042339,,,,,Facebook
251125P4QT0TFR,Đang chờ xử lý,217761008253035,2025-11-25 16:10:08,,2025-11-25 06:50:25,JUSTDUN,16848981,Preferred(Non-CB),27165908610,"Áo Thun Ôm Body Giữ Nhiệt Cổ Cao 8 Phân, Tay Dài JUSTDUN C20 – Chất Cotton Dày Dặn, Tôn Dáng",320161154869,Normal Product,,Thời Trang Nữ,Áo,Áo thun,94100,1,XTRA Comm,,76944,,5.00%,3847.2,4.05%,3116.232,6963.432,15388.8,12464.928,27853.728,,0,0.00%,0,100.00%,27853.728,Đang chờ xử lý,"Trạng thái của sản phẩm đang chờ xử lý, hoa hồng sẽ chỉ được thanh toán khi nó được hoàn thành",Đơn hàng từ các Shop khác nhau,Đã tồn tại,CB4_8_20251106042339,,,,,Facebook
251125P4QT0TFR,Đang chờ xử lý,217761008253035,2025-11-25 16:10:08,,2025-11-25 06:50:25,JUSTDUN,16848981,Preferred(Non-CB),27165908610,"Áo Thun Ôm Body Giữ Nhiệt Cổ Cao 8 Phân, Tay Dài JUSTDUN C20 – Chất Cotton Dày Dặn, Tôn Dáng",223393527424,Normal Product,,Thời Trang Nữ,Áo,Áo thun,94100,1,XTRA Comm,,76944,,5.00%,3847.2,4.05%,3116.232,6963.432,0,0,0,,0,0.00%,0,100.00%,0,Đang chờ xử lý,"Trạng thái của sản phẩm đang chờ xử lý, hoa hồng sẽ chỉ được thanh toán khi nó được hoàn thành",Đơn hàng từ các Shop khác nhau,Đã tồn tại,CB4_8_20251106042339,,,,,Facebook
251125P4QT0TFR,Đang chờ xử lý,217761008253035,2025-11-25 16:10:08,,2025-11-25 06:50:25,JUSTDUN,16848981,Preferred(Non-CB),27165908610,"Áo Thun Ôm Body Giữ Nhiệt Cổ Cao 8 Phân, Tay Dài JUSTDUN C20 – Chất Cotton Dày Dặn, Tôn Dáng",223393527433,Normal Product,,Thời Trang Nữ,Áo,Áo thun,94100,1,XTRA Comm,,76944,,5.00%,3847.2,4.05%,3116.232,6963.432,0,0,0,,0,0.00%,0,100.00%,0,Đang chờ xử lý,"Trạng thái của sản phẩm đang chờ xử lý, hoa hồng sẽ chỉ được thanh toán khi nó được hoàn thành",Đơn hàng từ các Shop khác nhau,Đã tồn tại,CB4_8_20251106042339,,,,,Facebook
251125P4QT0TFR,Đang chờ xử lý,217761008253035,2025-11-25 16:10:08,,2025-11-25 06:50:25,JUSTDUN,16848981,Preferred(Non-CB),27165908610,"Áo Thun Ôm Body Giữ Nhiệt Cổ Cao 8 Phân, Tay Dài JUSTDUN C20 – Chất Cotton Dày Dặn, Tôn Dáng",267148131978,Normal Product,,Thời Trang Nữ,Áo,Áo thun,94100,1,XTRA Comm,,76944,,5.00%,3847.2,4.05%,3116.232,6963.432,0,0,0,,0,0.00%,0,100.00%,0,Đang chờ xử lý,"Trạng thái của sản phẩm đang chờ xử lý, hoa hồng sẽ chỉ được thanh toán khi nó được hoàn thành",Đơn hàng từ các Shop khác nhau,Đã tồn tại,CB4_8_20251106042339,,,,,Facebook
251125P392N0N6,Đang chờ xử lý,217759440241194,2025-11-25 15:44:04,,2025-11-25 06:55:10,Trường Thịnh Sài Gòn,53880147,Preferred(Non-CB),4154818741,Màu Pha Resin 10ml Màu Trong - Trường Thịnh Sài Gòn,41196110498,Normal Product,,Văn Phòng Phẩm,Họa cụ,Màu Nước,25590,1,XTRA Comm,,25590,,5.00%,1279.5,2.00%,511.8,1791.3,9004.5,3601.8,12606.3,,0,0.00%,0,100.00%,12606.3,Đang chờ xử lý,"Trạng thái của sản phẩm đang chờ xử lý, hoa hồng sẽ chỉ được thanh toán khi nó được hoàn thành",Đơn hàng từ các Shop khác nhau,Đã tồn tại,CB4_8_20251106042339,,,,,Facebook
251125P392N0N6,Đang chờ xử lý,217759440241194,2025-11-25 15:44:04,,2025-11-25 06:55:10,Trường Thịnh Sài Gòn,53880147,Preferred(Non-CB),18516015312,Keo Epoxy Resin AB 1kg Trong Suốt Loại Cứng Không Bọt Tỉ Lệ 3:1 - Trường Thịnh Sài Gòn,180885047461,Normal Product,,Nhà cửa & Đời sống,Dụng cụ & Thiết bị tiện ích,Keo & chất kết chính công nghiệp,154500,1,XTRA Comm,,154500,,5.00%,7725,2.00%,3090,10815,0,0,0,,0,0.00%,0,100.00%,0,Đang chờ xử lý,"Trạng thái của sản phẩm đang chờ xử lý, hoa hồng sẽ chỉ được thanh toán khi nó được hoàn thành",Đơn hàng từ các Shop khác nhau,Đã tồn tại,CB4_8_20251106042339,,,,,Facebook
251125P30A8F05,Đang chờ xử lý,217759144230709,2025-11-25 15:39:57,,2025-11-25 15:35:49,Thaoduocthiennhien17,1184119825,C2C(Non-CB),28538138061,Trà lá nam Tiêu U gồm 10 vị_Gói 1kg,167221226779,Normal Product,,Thực phẩm và đồ uống,Đồ uống,Trà thảo mộc,93000,1,Shopee Comm,,85560,,5.00%,4278,0.00%,0,4278,4278,0,4278,,0,0.00%,0,100.00%,4278,Đang chờ xử lý,"Trạng thái của sản phẩm đang chờ xử lý, hoa hồng sẽ chỉ được thanh toán khi nó được hoàn thành",Đơn hàng từ các Shop khác nhau,Đã tồn tại,CB4_8_20251106042339,,,,,Facebook
251125P0WJY3BJ,Đang chờ xử lý,217756907210088,2025-11-25 15:01:47,,2025-11-25 13:44:20,shopivy01,914756445,Preferred(Non-CB),29806840769,"ĐÈN SƯỞI NHÀ TẮM , MÁY SƯỞI PHÒNG TẮM CHO BÉ ĐUI SỨ  2 bóng 3 bóng CAO CẤP",233275142049,Normal Product,,Thiết Bị Điện Gia Dụng,Thiết bị điện gia dụng lớn,Máy sưởi,236000,1,XTRA Comm,,196560,,5.00%,9828,1.00%,1965.6,11793.6,9828,1965.6,11793.6,,0,0.00%,0,100.00%,11793.6,Đang chờ xử lý,"Trạng thái của sản phẩm đang chờ xử lý, hoa hồng sẽ chỉ được thanh toán khi nó được hoàn thành",Đơn hàng từ các Shop khác nhau,Đã tồn tại,CB4_8_20251106042339,,,,,Facebook
251125NYNCGNVF,Đang chờ xử lý,217755558271533,2025-11-25 14:39:19,,2025-11-25 12:15:13,Hà Chi Store.,292465994,Preferred(Non-CB),28539270703,"Sét 1 hoặc 3 áo (CẦN TĂNG 1 SIZE ) Áo Lót Nữ Đúc Su Độn 2,5 CM Không Gọng Mềm Mại Thoải Mái Nâng Đẩy Vòng 1 mút Dày 2,5",237971607248,Normal Product,,Thời Trang Nữ,Đồ lót,Áo ngực,115000,1,XTRA Comm,,115000,,5.00%,5750,1.00%,1150,6900,5750,1150,6900,,0,0.00%,0,100.00%,6900,Đang chờ xử lý,"Trạng thái của sản phẩm đang chờ xử lý, hoa hồng sẽ chỉ được thanh toán khi nó được hoàn thành",Đơn hàng từ các Shop khác nhau,Đã tồn tại,CB4_8_20251106042339,,,,,Facebook
251125NXU499E5,Đang chờ xử lý,217754677220201,2025-11-25 14:24:38,,2025-11-25 07:02:34,Home 247,1130039946,C2C(Non-CB),25202389100,Sáp Thơm Jello Pure Aroma Khử Mùi Và Mang Lại Hương Thơm Thanh Mát Cho Không Gian Gia Đình,109055730908,Normal Product,,Nhà cửa & Đời sống,"Chất khử mùi, làm thơm nhà","Chất khử mùi, làm thơm",31500,1,XTRA Comm,,31500,,5.00%,1575,5.00%,1575,3150,1575,1575,3150,,0,0.00%,0,100.00%,3150,Đang chờ xử lý,"Trạng thái của sản phẩm đang chờ xử lý, hoa hồng sẽ chỉ được thanh toán khi nó được hoàn thành",Đơn hàng từ các Shop khác nhau,Đã tồn tại,CB4_8_20251106042339,,,,,Facebook
251125NXE4FEJD,Đang chờ xử lý,217754241221181,2025-11-25 14:17:21,,2025-11-25 13:21:40,Tiệm đồ giá rẻ cho học sinh 😘,72105500,C2C(Non-CB),28317053288,"Áo khoác phao da Quảng Châu loại 1 , Áo phao nam nữ ,Vải da Thiết kế bo tay Áo phao croptop nữ",205540420038,Normal Product,,Thời Trang Nữ,Áo khoác,Áo khoác mùa đông,165000,1,XTRA Comm,,140180,,5.00%,7009,2.00%,2803.6,9812.6,7009,2803.6,9812.6,,0,0.00%,0,100.00%,9812.6,Đang chờ xử lý,"Trạng thái của sản phẩm đang chờ xử lý, hoa hồng sẽ chỉ được thanh toán khi nó được hoàn thành",Đơn hàng từ các Shop khác nhau,Đã tồn tại,CB4_8_20251106042339,,,,,Facebook
251125NX9U5BBY,Đang chờ xử lý,217754095237378,2025-11-25 14:15:48,,2025-11-25 13:13:59,Trendo Jeans,1284180167,C2C(CB),42075324358,Áo Len Nam Cổ Tròn 3P Dài Tay TRENDO Áo Len Lông Cừu Cổ Tròn Dáng Hàn Quốc Thiết Kế Thanh Lịch  áo len nam phối tay kẻ sọc thời ,206323291763,Normal Product,,Thời Trang Nam,Áo len,,463320,1,XTRA Comm,,376822,,5.00%,18841.1,6.00%,22609.32,41450.42,18841.1,22609.32,41450.42,,0,0.00%,0,100.00%,41450.42,Đang chờ xử lý,"Trạng thái của sản phẩm đang chờ xử lý, hoa hồng sẽ chỉ được thanh toán khi nó được hoàn thành",Đơn hàng từ các Shop khác nhau,Đã tồn tại,CB4_8_20251106042339,,,,,Facebook
251125NX7PHSD7,Đang chờ xử lý,217754025295296,2025-11-25 14:13:45,,2025-11-25 10:45:42,Vua Phụ Kiện Điện Thoại Số,254808488,Shopee Mall(Non-CB),28853574948,"Kính cường lực iphone tự dán KTMStore, Full Màn tặng Giấy Lau 7plus 8plus xs xsmax 11 Pro 12 13 14 15 16 17 Air Promax",226475071040,Normal Product,,Điện Thoại & Phụ Kiện,Phụ kiện,Miếng dán màn hình,28888,2,XTRA Comm,,48399,,5.00%,2419.95,1.00%,483.99,2903.94,4839.85,967.97,5807.82,,0,0.00%,0,100.00%,5807.82,Đang chờ xử lý,"Trạng thái của sản phẩm đang chờ xử lý, hoa hồng sẽ chỉ được thanh toán khi nó được hoàn thành",Đơn hàng từ các Shop khác nhau,Đã tồn tại,CB4_8_20251106042339,,,,,Facebook
251125NX7PHSD7,Đang chờ xử lý,217754025295296,2025-11-25 14:13:45,,2025-11-25 10:45:42,Vua Phụ Kiện Điện Thoại Số,254808488,Shopee Mall(Non-CB),28853574948,"Kính cường lực iphone tự dán KTMStore, Full Màn tặng Giấy Lau 7plus 8plus xs xsmax 11 Pro 12 13 14 15 16 17 Air Promax",222930661731,Normal Product,,Điện Thoại & Phụ Kiện,Phụ kiện,Miếng dán màn hình,28888,2,XTRA Comm,,48398,,5.00%,2419.9,1.00%,483.98,2903.88,0,0,0,,0,0.00%,0,100.00%,0,Đang chờ xử lý,"Trạng thái của sản phẩm đang chờ xử lý, hoa hồng sẽ chỉ được thanh toán khi nó được hoàn thành",Đơn hàng từ các Shop khác nhau,Đã tồn tại,CB4_8_20251106042339,,,,,Facebook
251125NWY9KM6G,Đang chờ xử lý,217753743284800,2025-11-25 14:09:04,,2025-11-25 12:17:56,Kim Khí Điện Nước Tính Phát,11257809,C2C(Non-CB),40324010364,Kích mủ cao su HK 2.5% ( ROOT 2),39595137651,Normal Product,,Nhà cửa & Đời sống,Làm vườn,Phân bón,45000,1,XTRA Comm,,45000,,5.00%,2250,2.50%,1125,3375,2250,1125,3375,,0,0.00%,0,100.00%,3375,Đang chờ xử lý,"Trạng thái của sản phẩm đang chờ xử lý, hoa hồng sẽ chỉ được thanh toán khi nó được hoàn thành",Đơn hàng từ các Shop khác nhau,Đã tồn tại,CB4_8_20251106042339,,,,,Facebook
251125NWW400EB,Đang chờ xử lý,217753670292405,2025-11-25 14:07:51,,2025-11-25 10:14:34,COLORKEY VIETNAM,1103552734,Shopee Mall(Non-CB),24675830535,[QUÀ TẶNG - KHÔNG BÁN] Một Miếng Bông Mút Màu Tím COLORKEY,99550811346,Normal Product,395625473065191_0_0,Sắc Đẹp,Dụng cụ làm đẹp,Dụng cụ trang điểm,0,1,Shopee Comm,,0,,5.00%,0,0.00%,0,0,5920,2430.77,8350.77,,0,0.00%,0,100.00%,8350.77,Đang chờ xử lý,"Trạng thái của sản phẩm đang chờ xử lý, hoa hồng sẽ chỉ được thanh toán khi nó được hoàn thành",Đơn hàng từ các Shop khác nhau,Đã tồn tại,CB4_8_20251106042339,,,,,Facebook
251125NWW400EB,Đang chờ xử lý,217753670292405,2025-11-25 14:07:51,,2025-11-25 10:14:34,COLORKEY VIETNAM,1103552734,Shopee Mall(Non-CB),25062373250,Bảng Kem Che Khuyết Điểm COLORKEY 3 Màu Chất Kem Mỏng Mịn Che Phủ Tự Nhiên 3.9g,207307774103,Normal Product,395625473065191_0_0,Sắc Đẹp,Trang điểm,Trang điểm mặt,139000,1,XTRA Comm,,83118,,5.00%,4155.9,2.50%,2077.95,6233.85,0,0,0,,0,0.00%,0,100.00%,0,Đang chờ xử lý,"Trạng thái của sản phẩm đang chờ xử lý, hoa hồng sẽ chỉ được thanh toán khi nó được hoàn thành",Đơn hàng từ các Shop khác nhau,Đã tồn tại,CB4_8_20251106042339,,,,,Facebook
251125NWW400EB,Đang chờ xử lý,217753670292405,2025-11-25 14:07:51,,2025-11-25 10:14:34,COLORKEY VIETNAM,1103552734,Shopee Mall(Non-CB),26030082258,[MINISIZE - 30ML] Xịt Khóa COLORKEY Tia Sương Mềm Mại Giúp Khóa Chặt Lớp Trang Điểm Phù Hợp Mọi Loại Da 30ml,223959572469,Normal Product,,Sắc Đẹp,Trang điểm,Trang điểm mặt,59000,1,XTRA Comm,,35282,,5.00%,1764.1,1.00%,352.82,2116.92,0,0,0,,0,0.00%,0,100.00%,0,Đang chờ xử lý,"Trạng thái của sản phẩm đang chờ xử lý, hoa hồng sẽ chỉ được thanh toán khi nó được hoàn thành",Đơn hàng từ các Shop khác nhau,Đã tồn tại,CB4_8_20251106042339,,,,,Facebook
251125NWD1Y213,Đang chờ xử lý,217753131298109,2025-11-25 13:58:51,,2025-11-25 04:02:18,MINH TUỆ MOBILE 333,237694276,Preferred(Non-CB),20294336486,chân sạc rời chân 88/105 (chung rất nhiều modem máy phím),204661198179,Normal Product,,Điện Thoại & Phụ Kiện,Khác,,5000,2,Shopee Comm,,10000,,5.00%,500,0.00%,0,500,1800,0,1800,,0,0.00%,0,100.00%,1800,Đang chờ xử lý,"Trạng thái của sản phẩm đang chờ xử lý, hoa hồng sẽ chỉ được thanh toán khi nó được hoàn thành",Đơn hàng từ các Shop khác nhau,Đã tồn tại,CB4_8_20251106042339,,,,,Facebook
251125NWD1Y213,Đang chờ xử lý,217753131298109,2025-11-25 13:58:51,,2025-11-25 04:02:18,MINH TUỆ MOBILE 333,237694276,Preferred(Non-CB),22683831839,chân sạc rời T230/T231/T110/T111/T211/P5200 sam sung,214661890285,Normal Product,,Điện Thoại & Phụ Kiện,Khác,,8000,2,Shopee Comm,,16000,,5.00%,800,0.00%,0,800,0,0,0,,0,0.00%,0,100.00%,0,Đang chờ xử lý,"Trạng thái của sản phẩm đang chờ xử lý, hoa hồng sẽ chỉ được thanh toán khi nó được hoàn thành",Đơn hàng từ các Shop khác nhau,Đã tồn tại,CB4_8_20251106042339,,,,,Facebook
251125NWD1Y213,Đang chờ xử lý,217753131298109,2025-11-25 13:58:51,,2025-11-25 04:02:18,MINH TUỆ MOBILE 333,237694276,Preferred(Non-CB),17996433169,chân sạc rời Y91/Y91c/Y93/Y95/Y71/Y87/Y81s vivo,166154377377,Normal Product,,Điện Thoại & Phụ Kiện,Khác,,5000,2,Shopee Comm,,10000,,5.00%,500,0.00%,0,500,0,0,0,,0,0.00%,0,100.00%,0,Đang chờ xử lý,"Trạng thái của sản phẩm đang chờ xử lý, hoa hồng sẽ chỉ được thanh toán khi nó được hoàn thành",Đơn hàng từ các Shop khác nhau,Đã tồn tại,CB4_8_20251106042339,,,,,Facebook
251125NW9XQE42,Đang chờ xử lý,217753025236391,2025-11-25 13:57:57,,2025-11-24 03:10:07,MEILI STORE,448770251,Preferred(Non-CB),25272486898,"Mũ bucket vành cụp,Nón tai bèo thêu nổi Nbivest chất kaki cao cấp form unisex nam nữ đi biển du lịch - Meili official",39410499782,Normal Product,,Phụ Kiện Thời Trang,Mũ,,61000,1,XTRA Comm,,61000,,5.00%,3050,1.00%,610,3660,3050,610,3660,,0,0.00%,0,100.00%,3660,Đang chờ xử lý,"Trạng thái của sản phẩm đang chờ xử lý, hoa hồng sẽ chỉ được thanh toán khi nó được hoàn thành",Đơn hàng từ các Shop khác nhau,Đã tồn tại,CB4_8_20251106042339,,,,,Facebook
251125NVVT5QTE,Đang chờ xử lý,217752586258172,2025-11-25 13:49:47,,2025-11-23 21:22:13,Phương Thùy Hàng Đức 2,74019577,Preferred(Non-CB),1687773575,Kem chống nắng Garnier APF50+ dành cho body tuýp 175ml,22903549442,Normal Product,,Sắc Đẹp,Tắm & chăm sóc cơ thể,Chống nắng,428000,1,XTRA Comm,,423000,,5.00%,21150,1.00%,4230,25380,21150,4230,25380,,0,0.00%,0,100.00%,25380,Đang chờ xử lý,"Trạng thái của sản phẩm đang chờ xử lý, hoa hồng sẽ chỉ được thanh toán khi nó được hoàn thành",Đơn hàng từ các Shop khác nhau,Đã tồn tại,CB4_8_20251106042339,,,,,Facebook
251125NVTS9ENB,Đang chờ xử lý,217752518211830,2025-11-25 13:48:38,,2025-11-25 12:09:04,Xưởng Chăn Ga Bedding Drap,120420833,C2C(Non-CB),24322074421,Bộ Ga Gối Trần Bông 3 Món Cotton Đũi Dệt Hữu Cơ Sơ Đậu Lành Mền Mịn Thoáng Mát Đầy Đủ Size,226188880589,Normal Product,,Nhà cửa & Đời sống,Chăn ga gối nệm,"Ga trải giường, vỏ gối",141000,1,XTRA Comm,,121260,,5.00%,6063,1.00%,1212.6,7275.6,6063,1212.6,7275.6,,0,0.00%,0,100.00%,7275.6,Đang chờ xử lý,"Trạng thái của sản phẩm đang chờ xử lý, hoa hồng sẽ chỉ được thanh toán khi nó được hoàn thành",Đơn hàng từ các Shop khác nhau,Đã tồn tại,CB4_8_20251106042339,,,,,Facebook
251125NVJMXT35,Đang chờ xử lý,217752243239584,2025-11-25 13:44:55,,2025-11-25 11:48:38,đồ ăn vặt nhà làm,73362332,Preferred(Non-CB),2744622700,1KG heo cháy tỏi loại mới (tỏi riêng)| KingFood - Thế Giới Đồ Ăn Vặt,240600411698,Normal Product,,Thực phẩm và đồ uống,Đồ ăn vặt,Thức ăn khô,180000,1,XTRA Comm,,153000,,5.00%,7650,4.00%,6120,13770,21675,14216.25,35891.25,,0,0.00%,0,100.00%,35891.25,Đang chờ xử lý,"Trạng thái của sản phẩm đang chờ xử lý, hoa hồng sẽ chỉ được thanh toán khi nó được hoàn thành",Đơn hàng từ các Shop khác nhau,Đã tồn tại,CB4_8_20251106042339,,,,,Facebook
251125NVJMXT35,Đang chờ xử lý,217752243239584,2025-11-25 13:44:55,,2025-11-25 11:48:38,đồ ăn vặt nhà làm,73362332,Preferred(Non-CB),4844642258,"Heo khô cháy tỏi loại ngon,Túi zip 500g | KingFood - Thế Giới Đồ Ăn Vặt - Đồ Ăn Vặt Hà Nội",70475728357,Normal Product,,Thực phẩm và đồ uống,Đồ ăn vặt,Thức ăn khô,85000,1,XTRA Comm,,72250,,5.00%,3612.5,4.00%,2890,6502.5,0,0,0,,0,0.00%,0,100.00%,0,Đang chờ xử lý,"Trạng thái của sản phẩm đang chờ xử lý, hoa hồng sẽ chỉ được thanh toán khi nó được hoàn thành",Đơn hàng từ các Shop khác nhau,Đã tồn tại,CB4_8_20251106042339,,,,,Facebook
251125NVJMXT35,Đang chờ xử lý,217752243239584,2025-11-25 13:44:55,,2025-11-25 11:48:38,đồ ăn vặt nhà làm,73362332,Preferred(Non-CB),10418838825,"Cơm Cháy Chiên Mắm, Cơm Cháy Mắm Hành,Cơm Cháy Chiên Mắm Hành Cực Ngon hộp 500gr",66459989311,Normal Product,,Thực phẩm và đồ uống,Đồ ăn vặt,Thức ăn khô,55000,1,XTRA Comm,,46750,,5.00%,2337.5,2.50%,1168.75,3506.25,0,0,0,,0,0.00%,0,100.00%,0,Đang chờ xử lý,"Trạng thái của sản phẩm đang chờ xử lý, hoa hồng sẽ chỉ được thanh toán khi nó được hoàn thành",Đơn hàng từ các Shop khác nhau,Đã tồn tại,CB4_8_20251106042339,,,,,Facebook
251125NVJMXT35,Đang chờ xử lý,217752243239584,2025-11-25 13:44:55,,2025-11-25 11:48:38,đồ ăn vặt nhà làm,73362332,Preferred(Non-CB),24322070276,1KG Ngô Sấy Giòn Sóc Mắm Cay Ngô Nếp Sấy Rang,232651347487,Normal Product,,Thực phẩm và đồ uống,Đồ ăn vặt,Bỏng ngô,80000,1,XTRA Comm,,68000,,5.00%,3400,2.50%,1700,5100,0,0,0,,0,0.00%,0,100.00%,0,Đang chờ xử lý,"Trạng thái của sản phẩm đang chờ xử lý, hoa hồng sẽ chỉ được thanh toán khi nó được hoàn thành",Đơn hàng từ các Shop khác nhau,Đã tồn tại,CB4_8_20251106042339,,,,,Facebook
251125NVJMXT35,Đang chờ xử lý,217752243239584,2025-11-25 13:44:55,,2025-11-25 11:48:38,đồ ăn vặt nhà làm,73362332,Preferred(Non-CB),27422000936,"500G Lạc Rang Tỏi Ớt, đồ ăn vặt, Ăn Vặt King Food",147623304502,Normal Product,,Thực phẩm và đồ uống,Đồ ăn vặt,Các loại hạt sấy khô,55000,2,XTRA Comm,,93500,,5.00%,4675,2.50%,2337.5,7012.5,0,0,0,,0,0.00%,0,100.00%,0,Đang chờ xử lý,"Trạng thái của sản phẩm đang chờ xử lý, hoa hồng sẽ chỉ được thanh toán khi nó được hoàn thành",Đơn hàng từ các Shop khác nhau,Đã tồn tại,CB4_8_20251106042339,,,,,Facebook
251125NUPU7CV2,Đang chờ xử lý,217751312283417,2025-11-25 13:28:33,,2025-11-25 10:18:47,vinamilk_official,975865932,Shopee Mall(Non-CB),42724607901,Thùng 24 hộp Sữa Non Vinamilk Dielac Grow Plus Vị Dâu 110ml,281994804845,Normal Product,,Mẹ & Bé,Sữa công thức & Thực phẩm cho bé,Sữa pha sẵn,252402,1,Shopee Comm,,207402,,5.00%,10370.1,0.00%,0,10370.1,10370.1,0,10370.1,,0,0.00%,0,100.00%,10370.1,Đang chờ xử lý,"Trạng thái của sản phẩm đang chờ xử lý, hoa hồng sẽ chỉ được thanh toán khi nó được hoàn thành",Đơn hàng từ các Shop khác nhau,Đã tồn tại,CB4_8_20251106042339,,,,,Facebook
251125NUNXKXPQ,Đang chờ xử lý,217751282286183,2025-11-25 13:28:03,,2025-11-25 13:07:12,TANKA CLOTH,575929405,Preferred(Non-CB),19193501612,Áo len nam form rộng TANKA áo mùa đông phong cách Hàn Quốc chất liệu cao cấp AL26,340040045795,Normal Product,,Thời Trang Nam,Áo len,,194000,1,XTRA Comm,,166840,,5.00%,8342,5.00%,8342,16684,8342,8342,16684,,0,0.00%,0,100.00%,16684,Đang chờ xử lý,"Trạng thái của sản phẩm đang chờ xử lý, hoa hồng sẽ chỉ được thanh toán khi nó được hoàn thành",Đơn hàng từ các Shop khác nhau,Đã tồn tại,CB4_8_20251106042339,,,,,Facebook
251125NUNXJV6D,Đang chờ xử lý,217751282250264,2025-11-25 13:28:02,,2025-11-25 09:01:31,KiuTi House,592794918,Preferred(Non-CB),27960748875,Áo gile nữ phối 2 màu vải nhung lì áo phao gile nữ trần vi tính áo khoác mùa đông ấm áp,207793817960,Normal Product,,Thời Trang Nữ,Áo khoác,Áo khoác mùa đông,158600,1,XTRA Comm,,135536,,5.00%,6776.8,2.00%,2710.72,9487.52,6776.8,2710.72,9487.52,,0,0.00%,0,100.00%,9487.52,Đang chờ xử lý,"Trạng thái của sản phẩm đang chờ xử lý, hoa hồng sẽ chỉ được thanh toán khi nó được hoàn thành",Đơn hàng từ các Shop khác nhau,Đã tồn tại,CB4_8_20251106042339,,,,,Facebook
251125NTTSS714,Đang chờ xử lý,217750371242935,2025-11-25 13:12:55,,2025-11-25 08:52:25,LK Sneaker Store,1198140961,Preferred(Non-CB),27129186515,"Sục A.didas - Sục a.didas Adifom - Sục Adifom - Dép a.didas - Dép a.didas 3 sọc - Dép đúc Cao 4cm, full size nam nữ",257923199778,Normal Product,,Giày Dép Nam,Giày sục,,82000,1,XTRA Comm,,77000,,5.00%,3850,5.00%,3850,7700,3850,3850,7700,,0,0.00%,0,100.00%,7700,Đang chờ xử lý,"Trạng thái của sản phẩm đang chờ xử lý, hoa hồng sẽ chỉ được thanh toán khi nó được hoàn thành",Đơn hàng từ các Shop khác nhau,Đã tồn tại,CB4_8_20251106042339,,,,,Facebook
251125NTANSSPY,Đang chờ xử lý,217749830208715,2025-11-25 13:03:50,,2025-11-25 12:50:46,Gin Shop Xịt Thơm Phòng,140246109,Preferred(Non-CB),28256350716,"Túi thơm Hygiene Thái Lan hương nước hoa - Túi có dây treo làm thơm phòng, tủ quần áo, giày, xe oto",256270928277,Normal Product,,Nhà cửa & Đời sống,"Chất khử mùi, làm thơm nhà","Chất khử mùi, làm thơm",25969,5,XTRA Comm,,110368,,5.00%,5518.4,5.00%,5518.4,11036.8,5518.4,5518.4,11036.8,,0,0.00%,0,100.00%,11036.8,Đang chờ xử lý,"Trạng thái của sản phẩm đang chờ xử lý, hoa hồng sẽ chỉ được thanh toán khi nó được hoàn thành",Đơn hàng từ các Shop khác nhau,Đã tồn tại,CB4_8_20251106042339,,,,,Others
251125NSBVPASJ,Đang chờ xử lý,217748797246303,2025-11-25 12:46:41,,2025-11-25 07:38:39,HoiTamHoang,773628295,Preferred(Non-CB),26812393788,"Cuộn Xốp Dán Tường Tráng Nhôm cao cấp có keo sẵn, chống ẩm mốc",157478916501,Normal Product,,Nhà cửa & Đời sống,Trang trí nhà cửa,"Decal, tranh dán tường",33000,2,XTRA Comm,,61000,,5.00%,3050,1.50%,915,3965,3050,915,3965,,0,0.00%,0,100.00%,3965,Đang chờ xử lý,"Trạng thái của sản phẩm đang chờ xử lý, hoa hồng sẽ chỉ được thanh toán khi nó được hoàn thành",Đơn hàng từ các Shop khác nhau,Đã tồn tại,CB4_8_20251106042339,,,,,Facebook
251125NRY9905P,Chưa thanh toán,217748374226897,2025-11-25 12:39:35,,2025-11-25 07:04:15,Vật Liệu Cách Âm - Tiêu âm,187182231,C2C(Non-CB),40709208189,"Keo Dán Xốp Siêu Dính, Dán Mút, Giấy Decal, Không Mùi, Keo Dán Dạng Xịt Đa Năng PJ77",285771272955,Normal Product,,Nhà cửa & Đời sống,Dụng cụ & Thiết bị tiện ích,Keo & chất kết chính công nghiệp,43501,1,Shopee Comm,,43501,,0.00%,0,0.00%,0,0,0,0,0,,0,0.00%,0,100.00%,0,Chưa thanh toán,Đơn hàng chưa được thanh toán do đang chờ Người mua hoàn tất thanh toán,Đơn hàng từ các Shop khác nhau,Đã tồn tại,CB4_8_20251106042339,,,,,Facebook
251125NRJ4PQSK,Đang chờ xử lý,217747933228701,2025-11-25 12:32:13,,2025-11-25 08:34:05,Beesoul 🏆 Sports,1362281811,Preferred(Non-CB),25844298791,"Bộ 4 Băng Chì, Cuộn Chì Pickleball, Bảng Chì Golf Đen Trắng Đa Năng Tăng Hiệu Suất thể thao",253236935376,Normal Product,,Thể Thao & Dã Ngoại,Dụng Cụ Thể Thao & Dã Ngoại,Môn Thể Thao Khác,29000,2,XTRA Comm,,58000,,5.00%,2900,4.00%,2320,5220,2900,2320,5220,,0,0.00%,0,100.00%,5220,Đang chờ xử lý,"Trạng thái của sản phẩm đang chờ xử lý, hoa hồng sẽ chỉ được thanh toán khi nó được hoàn thành",Đơn hàng từ các Shop khác nhau,Đã tồn tại,CB4_8_20251106042339,,,,,Facebook
251125NR3TWUBC,Đang chờ xử lý,217747453216581,2025-11-25 12:24:13,,2025-11-25 12:19:56,Sỉ Văn Phòng Phẩm,24781091,C2C(Non-CB),16589882029,30 ống mực bút máy xóa được/mực bút máy tẩy được (5-10-20-30 ống),255167716718,Normal Product,,Văn Phòng Phẩm,Bút Các Loại,Dụng Cụ Tẩy Xóa,38812,1,Shopee Comm,,33812,,5.00%,1690.6,0.00%,0,1690.6,1690.6,0,1690.6,,0,0.00%,0,100.00%,1690.6,Đang chờ xử lý,"Trạng thái của sản phẩm đang chờ xử lý, hoa hồng sẽ chỉ được thanh toán khi nó được hoàn thành",Đơn hàng từ các Shop khác nhau,Đã tồn tại,CB4_8_20251106042339,,,,,Facebook
251125NP612UFA,Đang chờ xử lý,217745379293389,2025-11-25 11:49:39,,2025-11-24 20:28:34,IT - Camera,190753408,Preferred(Non-CB),8955680186,Camera ANALOG HIKVISION thân ngoài trời có mic màu ban đêm 2MP (hoạt động khi có đầu ghi),99763419053,Normal Product,,Cameras & Flycam,Camera giám sát,Camera giám sát kết nối internet,399000,1,XTRA Comm,,399000,,5.00%,19950,1.00%,3990,23940,19950,3990,23940,,0,0.00%,0,100.00%,23940,Đang chờ xử lý,"Trạng thái của sản phẩm đang chờ xử lý, hoa hồng sẽ chỉ được thanh toán khi nó được hoàn thành",Đơn hàng từ các Shop khác nhau,Đã tồn tại,CB4_8_20251106042339,,,,,Facebook
251125NNSQ4QQF,Đang chờ xử lý,217744966212332,2025-11-25 11:42:46,,2025-11-25 11:05:56,Tuo rui yêu xe ô tô,1067078730,C2C(CB),27571578275,2 Trong 1 Đa Năng Ghế Ô Tô Tựa Đầu Móc Da Mềm Ghế Ô Tô Móc Sau Ví Và Túi Ba Lô Móc Đôi Ghế Ô Tô Móc Treo,247328575620,Normal Product,,Ô tô,Phụ kiện nội thất ô tô,Dụng cụ chứa,30345,4,XTRA Comm,,101376,,5.00%,5068.8,1.50%,1520.64,6589.44,5068.8,1520.64,6589.44,,0,0.00%,0,100.00%,6589.44,Đang chờ xử lý,"Trạng thái của sản phẩm đang chờ xử lý, hoa hồng sẽ chỉ được thanh toán khi nó được hoàn thành",Đơn hàng từ các Shop khác nhau,Đã tồn tại,CB4_8_20251106042339,,,,,Facebook
251125NNMCFY28,Đang chờ xử lý,217744787275645,2025-11-25 11:39:47,,2025-11-25 05:40:44,amazdecor_tongkhobanbuon,252718824,C2C(Non-CB),3551641409,SALE GIÁ SỈ TẠI XƯỞNG Dụng cụ kẹp ÉP CHANH quất hoa quả inox cao cấp dày dặn đẹp sáng bóng,70940969993,Normal Product,,Nhà cửa & Đời sống,Dụng cụ nhà bếp,Khác,42750,1,XTRA Comm,,42750,,5.00%,2137.5,4.50%,1923.75,4061.25,2137.5,1923.75,4061.25,,0,0.00%,0,100.00%,4061.25,Đang chờ xử lý,"Trạng thái của sản phẩm đang chờ xử lý, hoa hồng sẽ chỉ được thanh toán khi nó được hoàn thành",Đơn hàng từ các Shop khác nhau,Đã tồn tại,CB4_8_20251106042339,,,,,Facebook
251125NN5ENP22,Đang chờ xử lý,217744286246157,2025-11-25 11:31:30,,2025-11-25 10:47:01,BuFaLo Clothing,655390159,C2C(Non-CB),26313577499,Áo Giữ Nhiệt Nam Co Giãn Cổ 3 Phân Dài Tay Cao Cấp Bufalo Clothing,241744735980,Normal Product,,Thời Trang Nam,Đồ lót,Đồ lót giữ nhiệt,180000,1,XTRA Comm,,151200,,5.00%,7560,6.00%,9072,16632,7560,9072,16632,,0,0.00%,0,100.00%,16632,Đang chờ xử lý,"Trạng thái của sản phẩm đang chờ xử lý, hoa hồng sẽ chỉ được thanh toán khi nó được hoàn thành",Đơn hàng từ các Shop khác nhau,Đã tồn tại,CB4_8_20251106042339,,,,,Facebook
251125NMSN1N2M,Đang chờ xử lý,217743890273497,2025-11-25 11:24:50,,2025-11-25 11:07:43,BobaCase,1545452428,C2C(Non-CB),29288453235,Ốp lưng OPPO KELP cho F19 A36 A38 A57 A58 A18 A35 A54 A56 A11 A12 A15 A16A17 A60 A77 A93 Reno4 5 6 LITE EKSX PRO Realme,305656430041,Normal Product,,Điện Thoại & Phụ Kiện,Phụ kiện,"Vỏ bao, Ốp lưng & Miếng dán",26900,1,Shopee Comm,,26900,,5.00%,1345,0.00%,0,1345,1345,0,1345,,0,0.00%,0,100.00%,1345,Đang chờ xử lý,"Trạng thái của sản phẩm đang chờ xử lý, hoa hồng sẽ chỉ được thanh toán khi nó được hoàn thành",Đơn hàng từ các Shop khác nhau,Đã tồn tại,CB4_8_20251106042339,,,,,Facebook
251125NMHDTGVF,Đang chờ xử lý,217743614260068,2025-11-25 11:20:14,,2025-11-25 10:13:18,SIMPLE MEN,1496422754,Preferred(Non-CB),24142671650,"Quần Âu Nam Cạp Chun Form Baggy Ống Đứng SIMPLE MEN, Quần Tây Nam Không Nhăn Không Bai Xù A2",234075559849,Normal Product,,Thời Trang Nam,Quần dài,Quần dài,115000,1,XTRA Comm,,115000,,5.00%,5750,5.00%,5750,11500,11500,11500,23000,,0,0.00%,0,100.00%,23000,Đang chờ xử lý,"Trạng thái của sản phẩm đang chờ xử lý, hoa hồng sẽ chỉ được thanh toán khi nó được hoàn thành",Đơn hàng từ các Shop khác nhau,Đã tồn tại,CB4_8_20251106042339,,,,,Facebook
251125NMHDTGVF,Đang chờ xử lý,217743614260068,2025-11-25 11:20:14,,2025-11-25 10:13:18,SIMPLE MEN,1496422754,Preferred(Non-CB),24142671650,"Quần Âu Nam Cạp Chun Form Baggy Ống Đứng SIMPLE MEN, Quần Tây Nam Không Nhăn Không Bai Xù A2",234075559860,Normal Product,,Thời Trang Nam,Quần dài,Quần dài,115000,1,XTRA Comm,,115000,,5.00%,5750,5.00%,5750,11500,0,0,0,,0,0.00%,0,100.00%,0,Đang chờ xử lý,"Trạng thái của sản phẩm đang chờ xử lý, hoa hồng sẽ chỉ được thanh toán khi nó được hoàn thành",Đơn hàng từ các Shop khác nhau,Đã tồn tại,CB4_8_20251106042339,,,,,Facebook
251125NMF959NC,Đang chờ xử lý,217743542269598,2025-11-25 11:19:02,,2025-11-22 20:18:21,Fm Kính.vn,1120400842,Preferred(CB),22786533537,Kính Mát Chống Tia uv Không Gọng Mới Dành Cho Nữ Lái Xe,232280199944,Normal Product,,Phụ Kiện Thời Trang,Kính mắt,Kính mát,56160,1,XTRA Comm,,47220,,5.00%,2361,3.00%,1416.6,3777.6,2361,1416.6,3777.6,,0,0.00%,0,100.00%,3777.6,Đang chờ xử lý,"Trạng thái của sản phẩm đang chờ xử lý, hoa hồng sẽ chỉ được thanh toán khi nó được hoàn thành",Đơn hàng từ các Shop khác nhau,Đã tồn tại,CB4_8_20251106042339,,,,,Facebook
251125NM1WWBUT,Đang chờ xử lý,217743094264540,2025-11-25 11:11:34,,2025-11-22 20:34:18,Doomi Baby Center,920907056,C2C(Non-CB),25725845075,[Giá sỉ] Khăn Tắm Xô Cho Bé Mẹ & Bé 6 Lớp Doomi Baby Khăn Tắm Xô Xuất Nhật Cho Bé HT618 - HT720,157941101473,Normal Product,,Mẹ & Bé,Đồ dùng phòng tắm & Chăm sóc cơ thể bé,"Áo choàng tắm, Khăn tắm & Khăn mặt",59999,2,XTRA Comm,,93498,,5.00%,4674.9,4.50%,4207.41,8882.31,4674.9,4207.41,8882.31,,0,0.00%,0,100.00%,8882.31,Đang chờ xử lý,"Trạng thái của sản phẩm đang chờ xử lý, hoa hồng sẽ chỉ được thanh toán khi nó được hoàn thành",Đơn hàng từ các Shop khác nhau,Đã tồn tại,CB4_8_20251106042339,,,,,Facebook
251125NKV13SGK,Đang chờ xử lý,217742896291123,2025-11-25 11:08:17,,2025-11-25 07:00:45,Kho sỉ Huyền Bào,979874890,Preferred(Non-CB),42319950078,"Set 10 Đôi Tất Kitty Cho Bé Gái 1-12 Tuổi - Vớ Cổ Trung, Thoáng Khí, Họa Tiết Màu Hồng Xinh Xắn",267124145450,Normal Product,,Thời trang trẻ em & trẻ sơ sinh,Phụ kiện trẻ em & trẻ sơ sinh,Tất,85000,1,XTRA Comm,,85000,,0.00%,0,3.00%,2550,2550,0,2550,2550,,0,0.00%,0,100.00%,2550,Đang chờ xử lý,"Trạng thái của sản phẩm đang chờ xử lý, hoa hồng sẽ chỉ được thanh toán khi nó được hoàn thành",Đơn hàng từ các Shop khác nhau,Đã tồn tại,CB4_8_20251106042339,,,,,Websites
251125NKMHN49D,Đang chờ xử lý,217742645205350,2025-11-25 11:04:05,,2025-11-25 09:34:30,DOSEN VN,1125155158,Shopee Mall(Non-CB),24156139007,dosen Sạc dự phòng power bank pd22.5w 10000mah 30000mah 50000mah pin dự phòng màn hình led tích hợp tích hợp,89497534020,Normal Product,,Điện Thoại & Phụ Kiện,Phụ kiện,"Cáp, sạc & bộ chuyển đổi",237326,1,Shopee Comm,,182553,,5.00%,9127.65,0.00%,0,9127.65,9127.65,0,9127.65,,0,0.00%,0,100.00%,9127.65,Đang chờ xử lý,"Trạng thái của sản phẩm đang chờ xử lý, hoa hồng sẽ chỉ được thanh toán khi nó được hoàn thành",Đơn hàng từ các Shop khác nhau,Đã tồn tại,CB4_8_20251106042339,,,,,Facebook
251125NJW43P3P,Đang chờ xử lý,217741859250860,2025-11-25 10:51:00,,2025-11-23 22:14:42,Tré - Ô Khang,86095648,Preferred(Non-CB),22206562463,Muối Tây Ninh Ngọc Châu giá sỉ,208036742099,Normal Product,,Thực phẩm và đồ uống,Nguyên liệu nấu ăn,Gia vị & Hương liệu,27342,1,Shopee Comm,,27342,,5.00%,1367.1,0.00%,0,1367.1,1367.1,0,1367.1,,0,0.00%,0,100.00%,1367.1,Đang chờ xử lý,"Trạng thái của sản phẩm đang chờ xử lý, hoa hồng sẽ chỉ được thanh toán khi nó được hoàn thành",Đơn hàng từ các Shop khác nhau,Đã tồn tại,CB4_8_20251106042339,,,,,Facebook
251125NJ4RWU7C,Đang chờ xử lý,217741042221537,2025-11-25 10:37:23,,2025-11-25 08:46:04,thangke211205,564344842,Preferred(Non-CB),40968715155,BẾP HỒNG NGOẠI CAO CẤP TATAMI (PREMIUM) CẢM ỨNG ĐA CHỨNG NĂNG CÔNG SUẤT 3500W MẶT KÍNH CƯỜNG LỰC (bảo hành 6 tháng),301535051802,Normal Product,,Thiết Bị Điện Gia Dụng,Đồ gia dụng nhà bếp,"Lò sưởi, Bếp từ & Bộ điều chỉnh gas",278000,1,XTRA Comm,,136585,,5.00%,6829.25,1.00%,1365.85,8195.1,6829.25,1365.85,8195.1,,0,0.00%,0,100.00%,8195.1,Đang chờ xử lý,"Trạng thái của sản phẩm đang chờ xử lý, hoa hồng sẽ chỉ được thanh toán khi nó được hoàn thành",Đơn hàng từ các Shop khác nhau,Đã tồn tại,CB4_8_20251106042339,,,,,Facebook
251125NJ4RWU7B,Đang chờ xử lý,217741042221537,2025-11-25 10:37:23,,2025-11-25 08:46:04,Minh Khôi Điện Máy,959687847,Preferred(Non-CB),23442436603,1 đôi chổi than Boesh A86  máy mài 6-100 ( 5 x 8 x 15mm ),224028130757,Normal Product,,Nhà cửa & Đời sống,Dụng cụ & Thiết bị tiện ích,Dụng cụ,17504,1,Shopee Comm,,8619,,5.00%,430.95,0.00%,0,430.95,430.95,0,430.95,,0,0.00%,0,100.00%,430.95,Đang chờ xử lý,"Trạng thái của sản phẩm đang chờ xử lý, hoa hồng sẽ chỉ được thanh toán khi nó được hoàn thành",Đơn hàng từ các Shop khác nhau,Đã tồn tại,CB4_8_20251106042339,,,,,Facebook
251125NGN7T3X9,Đang chờ xử lý,217739447210576,2025-11-25 10:10:48,,2025-11-25 10:03:25,Shop Đồ Câu Giá Tốt 68,450986138,Preferred(Non-CB),5890894994,"[Chất Lượng] Lưỡi Câu Tháp Siêu Bén, Lưỡi Câu Cá Chép Rô Phi",92525319329,Normal Product,,Thể Thao & Dã Ngoại,Dụng Cụ Thể Thao & Dã Ngoại,Câu Cá,18000,1,Shopee Comm,,18000,,5.00%,900,0.00%,0,900,900,0,900,,0,0.00%,0,100.00%,900,Đang chờ xử lý,"Trạng thái của sản phẩm đang chờ xử lý, hoa hồng sẽ chỉ được thanh toán khi nó được hoàn thành",Đơn hàng từ các Shop khác nhau,Đã tồn tại,CB4_8_20251106042339,,,,,Others
251125NG8V180R,Đang chờ xử lý,217739032211397,2025-11-25 10:03:52,,2025-11-25 07:31:27,EMOON.House,543229869,Shopee Mall(Non-CB),23181324274,"Tông đơ cắt tóc cho bé EMOON đầu lưỡi bo tròn an toàn, chạy êm,sạc pin tách rời,có khả năng chống nước bảo hành 12 tháng",197054828805,Normal Product,,Mẹ & Bé,Đồ dùng phòng tắm & Chăm sóc cơ thể bé,Bộ chăm sóc trẻ sơ sinh,289000,1,XTRA Comm,,234000,,5.00%,11700,5.00%,11700,23400,11700,11700,23400,,0,0.00%,0,100.00%,23400,Đang chờ xử lý,"Trạng thái của sản phẩm đang chờ xử lý, hoa hồng sẽ chỉ được thanh toán khi nó được hoàn thành",Đơn hàng từ các Shop khác nhau,Đã tồn tại,CB4_8_20251106042339,,,,,Facebook
251125NF3E978X,Đang chờ xử lý,217737776271322,2025-11-25 09:42:56,,2025-11-25 04:50:11,MEN WIN 69 Fashion,19337723,Preferred(Non-CB),1340396495,ÁO THUN NAM NGẮN TAY CỔ BẺ MẪU MỚI BẢN NÂNG CẤP ĐẸP HƠN NHIỀU MÀU 01,3926110031,Normal Product,,Thời Trang Nam,Áo,Áo polo,78999,1,XTRA Comm,,63476,,5.00%,3173.8,2.00%,1269.52,4443.32,9199.95,2474.75,11674.7,,0,0.00%,0,100.00%,11674.7,Đang chờ xử lý,"Trạng thái của sản phẩm đang chờ xử lý, hoa hồng sẽ chỉ được thanh toán khi nó được hoàn thành",Đơn hàng từ các Shop khác nhau,Đã tồn tại,CB4_8_20251106042339,,,,,Facebook
251125NF3E978X,Đang chờ xử lý,217737776271322,2025-11-25 09:42:56,,2025-11-25 04:50:11,MEN WIN 69 Fashion,19337723,Preferred(Non-CB),19873779781,QUẦN JEAN NAM MẪU MỚI VẢI MỀM CO GIÃN DÁNG ÔM NHẸ BODY XANH NHẠT XƯỚC NHẸ 551 X1,213888908949,Normal Product,,Thời Trang Nam,Quần jean,,150000,1,XTRA Comm,,120523,,5.00%,6026.15,1.00%,1205.23,7231.38,0,0,0,,0,0.00%,0,100.00%,0,Đang chờ xử lý,"Trạng thái của sản phẩm đang chờ xử lý, hoa hồng sẽ chỉ được thanh toán khi nó được hoàn thành",Đơn hàng từ các Shop khác nhau,Đã tồn tại,CB4_8_20251106042339,,,,,Facebook
251125NF38GBM8,Đang chờ xử lý,217737770229324,2025-11-25 09:42:50,,2025-11-25 08:22:33,NOVSET,35745690,C2C(Non-CB),27215728298,Găng tay xe máy mùa đông SPORT LOVE cảm ứng giữ ấm chống gió sương lạnh chống nắng xe máy đi phượt NAM NỮ,246891597833,Normal Product,,Phụ Kiện Thời Trang,Găng tay,,63200,1,Shopee Comm,,51828,,5.00%,2591.4,0.00%,0,2591.4,5182.8,0,5182.8,,0,0.00%,0,100.00%,5182.8,Đang chờ xử lý,"Trạng thái của sản phẩm đang chờ xử lý, hoa hồng sẽ chỉ được thanh toán khi nó được hoàn thành",Đơn hàng từ các Shop khác nhau,Đã tồn tại,CB4_8_20251106042339,,,,,Facebook
251125NF38GBM8,Đang chờ xử lý,217737770229324,2025-11-25 09:42:50,,2025-11-25 08:22:33,NOVSET,35745690,C2C(Non-CB),27215728298,Găng tay xe máy mùa đông SPORT LOVE cảm ứng giữ ấm chống gió sương lạnh chống nắng xe máy đi phượt NAM NỮ,246891597834,Normal Product,,Phụ Kiện Thời Trang,Găng tay,,63200,1,Shopee Comm,,51828,,5.00%,2591.4,0.00%,0,2591.4,0,0,0,,0,0.00%,0,100.00%,0,Đang chờ xử lý,"Trạng thái của sản phẩm đang chờ xử lý, hoa hồng sẽ chỉ được thanh toán khi nó được hoàn thành",Đơn hàng từ các Shop khác nhau,Đã tồn tại,CB4_8_20251106042339,,,,,Facebook
251125NEK0TGJK,Đang chờ xử lý,217737225295098,2025-11-25 09:33:46,,2025-11-25 08:20:18,Phụ kiện xe hơi_ALOOTO,27503992,Preferred(Non-CB),5109864217,"Loa center mazda 3, mazda 6 , cx5  bản 2.0 , Cx30  2014 - 2024 . Loa trung tâm mazda Kèm giắc cắm zin hộp âm ly",195684874741,Normal Product,,Ô tô,Phụ kiện nội thất ô tô,Hệ thống loa,850000,1,Shopee Comm,,711000,,5.00%,35550,0.00%,0,35550,35550,0,35550,,0,0.00%,0,100.00%,35550,Đang chờ xử lý,"Trạng thái của sản phẩm đang chờ xử lý, hoa hồng sẽ chỉ được thanh toán khi nó được hoàn thành",Đơn hàng từ các Shop khác nhau,Đã tồn tại,CB4_8_20251106042339,,,,,Facebook
251125NEH0V22V,Đang chờ xử lý,217737156231697,2025-11-25 09:33:28,,2025-11-25 06:31:59,LeMans Shoes Việt Nam,532453231,Shopee Mall(Non-CB),18051661265,"Giày da bò Derby Wingtip Black LEMANS màu đen, đế tăng cao 4cm thiết kế trẻ trung, bảo hành chính hãng 24 tháng",183199767214,Normal Product,,Giày Dép Nam,Giày Oxfords & Giày buộc dây,,538000,1,XTRA Comm,,442790,,5.00%,22139.5,2.50%,11069.75,33209.25,24509.9,12254.95,36764.85,,0,0.00%,0,100.00%,36764.85,Đang chờ xử lý,"Trạng thái của sản phẩm đang chờ xử lý, hoa hồng sẽ chỉ được thanh toán khi nó được hoàn thành",Đơn hàng từ các Shop khác nhau,Đã tồn tại,CB4_8_20251106042339,,,,,Facebook
251125NEH0V22V,Đang chờ xử lý,217737156231697,2025-11-25 09:33:28,,2025-11-25 06:31:59,LeMans Shoes Việt Nam,532453231,Shopee Mall(Non-CB),19751664751,"Xi đánh giày Lemans 50ml 4 màu Đen, Nâu, Ko Màu, trắng bảo dưỡng, phục hồi cho da giày, túi ví, áo ghế sofa...",98321301161,Normal Product,,Giày Dép Nam,Phụ kiện giày dép,Dụng cụ chăm sóc & Vệ sinh giày,57600,1,XTRA Comm,,47408,,5.00%,2370.4,2.50%,1185.2,3555.6,0,0,0,,0,0.00%,0,100.00%,0,Đang chờ xử lý,"Trạng thái của sản phẩm đang chờ xử lý, hoa hồng sẽ chỉ được thanh toán khi nó được hoàn thành",Đơn hàng từ các Shop khác nhau,Đã tồn tại,CB4_8_20251106042339,,,,,Facebook
251125NE33HRUV,Đang chờ xử lý,217736691282798,2025-11-25 09:24:51,,2025-11-25 09:04:53,FashionAlloy.vn,381739547,C2C(CB),25941318351,Vương Miện Tóc Cho Bé Gái Thời Trang Tóc Bun Đuôi Ngựa Kẹp Công Chúa Trẻ Em Vương Miện Khóa Tóc Mũ Đội Đầu,223792214212,Normal Product,,Phụ Kiện Thời Trang,Phụ kiện tóc,"Cài tóc, vương miện cài tóc",14300,1,Shopee Comm,,14300,,5.00%,715,0.00%,0,715,715,0,715,,0,0.00%,0,100.00%,715,Đang chờ xử lý,"Trạng thái của sản phẩm đang chờ xử lý, hoa hồng sẽ chỉ được thanh toán khi nó được hoàn thành",Đơn hàng từ các Shop khác nhau,Đã tồn tại,CB4_8_20251106042339,,,,,Facebook
251125NDSTX1AJ,Đang chờ xử lý,217736380259048,2025-11-25 09:19:40,,2025-11-25 07:29:50,BoBy Kính Thời Trang,1632476095,Preferred(Non-CB),44269669100,"Kính lão đọc sách cho người lớn tuổi, kính viễn thị từ 0.5 độ - 4 độ bản lề sắt 020 - Boby",335082507986,Normal Product,,Phụ Kiện Thời Trang,Kính mắt,Gọng kính,29500,1,Shopee Comm,,29500,,5.00%,1475,0.00%,0,1475,1475,0,1475,,0,0.00%,0,100.00%,1475,Đang chờ xử lý,"Trạng thái của sản phẩm đang chờ xử lý, hoa hồng sẽ chỉ được thanh toán khi nó được hoàn thành",Đơn hàng từ các Shop khác nhau,Đã tồn tại,CB4_8_20251106042339,,,,,Facebook
251125NDACWH2V,Đang chờ xử lý,217735862245965,2025-11-25 09:11:06,,2025-11-25 08:36:58,Quách Dung Underwear,11280435,Preferred(Non-CB),21831795112,Sét 5 Quần lót nữ cotton không viền,173974328474,Normal Product,,Thời Trang Nữ,Đồ lót,Quần lót,68999,1,XTRA Comm,,57557,,5.00%,2877.85,4.00%,2302.28,5180.13,12049.7,10017.15,22066.85,,0,0.00%,0,100.00%,22066.85,Đang chờ xử lý,"Trạng thái của sản phẩm đang chờ xử lý, hoa hồng sẽ chỉ được thanh toán khi nó được hoàn thành",Đơn hàng từ các Shop khác nhau,Đã tồn tại,CB4_8_20251106042339,,,,,Facebook
251125NDACWH2V,Đang chờ xử lý,217735862245965,2025-11-25 09:11:06,,2025-11-25 08:36:58,Quách Dung Underwear,11280435,Preferred(Non-CB),25940464109,"H325_Áo ngực, áo lót Nữ su đúc không gọng, dệm 2cm ôm nâng ngực, chống xệ, tạo khe tốt",178662411957,Normal Product,,Thời Trang Nữ,Đồ lót,Áo ngực,95000,1,XTRA Comm,,79247,,5.00%,3962.35,5.00%,3962.35,7924.7,0,0,0,,0,0.00%,0,100.00%,0,Đang chờ xử lý,"Trạng thái của sản phẩm đang chờ xử lý, hoa hồng sẽ chỉ được thanh toán khi nó được hoàn thành",Đơn hàng từ các Shop khác nhau,Đã tồn tại,CB4_8_20251106042339,,,,,Facebook
251125NDACWH2V,Đang chờ xử lý,217735862245965,2025-11-25 09:11:06,,2025-11-25 08:36:58,Quách Dung Underwear,11280435,Preferred(Non-CB),27322896091,"Sét 5 quần lót Nữ su chữ DAMSES, chất su lụa không lộ viền,nhẹ, mát thoáng",188129682835,Normal Product,,Thời Trang Nữ,Đồ lót,Quần lót,74999,1,XTRA Comm,,62562,,5.00%,3128.1,5.00%,3128.1,6256.2,0,0,0,,0,0.00%,0,100.00%,0,Đang chờ xử lý,"Trạng thái của sản phẩm đang chờ xử lý, hoa hồng sẽ chỉ được thanh toán khi nó được hoàn thành",Đơn hàng từ các Shop khác nhau,Đã tồn tại,CB4_8_20251106042339,,,,,Facebook
251125NDACWH2V,Đang chờ xử lý,217735862245965,2025-11-25 09:11:06,,2025-11-25 08:36:58,Quách Dung Underwear,11280435,Preferred(Non-CB),28201489787,"( Xả lẻ hàng)_Áo lót, áo ngực nữ su đệm bàn tay 3cm nâng đẩy tạo khe ( sz 34-40)",222851651012,Normal Product,,Thời Trang Nữ,Đồ lót,Áo ngực,49900,1,XTRA Comm,,41628,,5.00%,2081.4,1.50%,624.42,2705.82,0,0,0,,0,0.00%,0,100.00%,0,Đang chờ xử lý,"Trạng thái của sản phẩm đang chờ xử lý, hoa hồng sẽ chỉ được thanh toán khi nó được hoàn thành",Đơn hàng từ các Shop khác nhau,Đã tồn tại,CB4_8_20251106042339,,,,,Facebook
251125ND2TMVRQ,Đang chờ xử lý,217735608200528,2025-11-25 09:06:48,,2025-11-25 08:55:44,Fivebe Kids,183169455,Preferred(Non-CB),25601430193,Áo khoác bé trai bé gái gió 2 lớp dày dặn FAK3 Fivebe phom to có mũ 19-45kg,236800747902,Normal Product,,Thời trang trẻ em & trẻ sơ sinh,Quần áo bé trai,Áo khoác,190000,1,Shopee Comm,,190000,,0.00%,0,0.00%,0,0,0,0,0,,0,0.00%,0,100.00%,0,Đang chờ xử lý,"Trạng thái của sản phẩm đang chờ xử lý, hoa hồng sẽ chỉ được thanh toán khi nó được hoàn thành",Đơn hàng từ các Shop khác nhau,Đã tồn tại,CB4_8_20251106042339,,,,,Facebook
251125NBBFNPQJ,Đang chờ xử lý,217733751201599,2025-11-25 08:35:51,,2025-11-25 07:20:24,Nguyễn Thoa- Giày trẻ em ,139191493,Preferred(Non-CB),27619921182,Đốc kukumi quai chữ tím dễ thương cho bé gái,257197286169,Normal Product,,Thời trang trẻ em & trẻ sơ sinh,Giày bé gái,Giày bệt,119540,1,XTRA Comm,,105195,,0.00%,0,1.50%,1577.925,1577.925,0,1577.925,1577.925,,0,0.00%,0,100.00%,1577.925,Đang chờ xử lý,"Trạng thái của sản phẩm đang chờ xử lý, hoa hồng sẽ chỉ được thanh toán khi nó được hoàn thành",Đơn hàng từ các Shop khác nhau,Đã tồn tại,CB4_8_20251106042339,,,,,Facebook
251125NAYH8P2F,Đang chờ xử lý,217733350229483,2025-11-25 08:29:10,,2025-11-25 08:27:15,Nhà sách và VPP Cường Hương,97464386,C2C(Non-CB),21278795231,Bảng gỗ học sinh Hồng Hà (3447),146822716867,Normal Product,,Văn Phòng Phẩm,Thiết Bị Trường Học,Bảng Viết & Giá Treo Bảng,13000,10,XTRA Comm,,113700,,5.00%,5685,4.00%,4548,10233,5685,4548,10233,,0,0.00%,0,100.00%,10233,Đang chờ xử lý,"Trạng thái của sản phẩm đang chờ xử lý, hoa hồng sẽ chỉ được thanh toán khi nó được hoàn thành",Đơn hàng từ các Shop khác nhau,Đã tồn tại,CB4_8_20251106042339,,,,,Facebook
251125NA4STEEK,Đang chờ xử lý,217732453229396,2025-11-25 08:14:13,,2025-11-25 06:48:01,VINATHULIN STORE,816302084,Preferred(Non-CB),21695687156,Bộ trộn khí Ejector /Venturi VINATHULIN D60/27 trong xử lí nước giếng khoan nhiễm sắt (Shop cũ máy lọc nước VINATHULIN),218186254693,Normal Product,,Nhà cửa & Đời sống,Dụng cụ & Thiết bị tiện ích,Máy bơm nước & phụ kiện,150000,1,Shopee Comm,,132000,,5.00%,6600,0.00%,0,6600,6600,0,6600,,0,0.00%,0,100.00%,6600,Đang chờ xử lý,"Trạng thái của sản phẩm đang chờ xử lý, hoa hồng sẽ chỉ được thanh toán khi nó được hoàn thành",Đơn hàng từ các Shop khác nhau,Đã tồn tại,CB4_8_20251106042339,,,,,Facebook
251125N9YG3F7U,Đang chờ xử lý,217732275260682,2025-11-25 08:11:15,,2025-11-25 07:47:35,YOYO ĐỒ BẢO HỘ,1090435418,Preferred(Non-CB),27628213131,"Quần Ủng NÂU Lội Nước Đế Cứng Thế Hệ Mới - Quần Ủng Bảo Hộ Lao Động, Dày Cao Cấp 2 Lớp",89768477119,Normal Product,,Thời Trang Nam,Trang phục ngành nghề,,105000,1,XTRA Comm,,92400,,5.00%,4620,1.00%,924,5544,4620,924,5544,,0,0.00%,0,100.00%,5544,Đang chờ xử lý,"Trạng thái của sản phẩm đang chờ xử lý, hoa hồng sẽ chỉ được thanh toán khi nó được hoàn thành",Đơn hàng từ các Shop khác nhau,Đã tồn tại,CB4_8_20251106042339,,,,,Facebook
251125N8G7JHSH,Đang chờ xử lý,217730689258556,2025-11-25 07:44:50,,2025-11-25 07:12:10,KhoSiDuyLinh,54410816,C2C(Non-CB),12764221287,"Dép nhựa , sục nhựa lỗ dẻo cho cả nam và nữ bít mũi đi mưa bảo hộ lao động Full Size 36-44",256825371887,Normal Product,,Giày Dép Nam,Giày sục,,41500,1,XTRA Comm,,41500,,5.00%,2075,3.00%,1245,3320,2075,1245,3320,,0,0.00%,0,100.00%,3320,Đang chờ xử lý,"Trạng thái của sản phẩm đang chờ xử lý, hoa hồng sẽ chỉ được thanh toán khi nó được hoàn thành",Đơn hàng từ các Shop khác nhau,Đã tồn tại,CB4_8_20251106042339,,,,,Facebook
251125N8C30AVJ,Đang chờ xử lý,217730550259933,2025-11-25 07:42:31,,2025-11-25 07:35:30,Beemi-Hà Nội Store,419229308,Preferred(Non-CB),28463554967,Ấm đun nước pha sữa Beemi cho bé 1.3L khử clo giữ nhiệt 24h - Ấm đun nước đa năng tự chọn nhiệt độ,198630803612,Normal Product,,Mẹ & Bé,Đồ dùng ăn dặm cho bé,Bình sữa,389000,1,XTRA Comm,,320650,,5.00%,16032.5,2.50%,8016.25,24048.75,16032.5,8016.25,24048.75,,0,0.00%,0,100.00%,24048.75,Đang chờ xử lý,"Trạng thái của sản phẩm đang chờ xử lý, hoa hồng sẽ chỉ được thanh toán khi nó được hoàn thành",Đơn hàng từ các Shop khác nhau,Đã tồn tại,CB4_8_20251106042339,,,,,Facebook
251125N8A24F4U,Đang chờ xử lý,217730482229172,2025-11-25 07:41:22,,2025-11-25 07:32:25,Mặc Là MÊ,1195556616,Preferred(Non-CB),24040963532,"[VXLM] Tất vớ cổ Cao chiều cao 38 cm chất thun cotton co giãn 4 chiều, văn phòng, mang giày tây thoải mái, thấm hút tốt",168690871809,Normal Product,,Thời Trang Nam,Vớ/ Tất,,9999,1,XTRA Comm,,9999,,5.00%,499.95,5.00%,499.95,999.9,499.95,499.95,999.9,,0,0.00%,0,100.00%,999.9,Đang chờ xử lý,"Trạng thái của sản phẩm đang chờ xử lý, hoa hồng sẽ chỉ được thanh toán khi nó được hoàn thành",Đơn hàng từ các Shop khác nhau,Đã tồn tại,CB4_8_20251106042339,,,,,Facebook
251125N887YH5X,Đang chờ xử lý,217730421245445,2025-11-25 07:40:25,,2025-11-24 07:50:51,phụ tùng máy rửa xe,1392690238,C2C(Non-CB),28716075625,ty bơm tay cao áp,29534612173,Normal Product,,Nhà cửa & Đời sống,Dụng cụ & Thiết bị tiện ích,Máy bơm khí & phụ kiện,29000,2,Shopee Comm,,58000,,5.00%,2900,0.00%,0,2900,2900,0,2900,,0,0.00%,0,100.00%,2900,Đang chờ xử lý,"Trạng thái của sản phẩm đang chờ xử lý, hoa hồng sẽ chỉ được thanh toán khi nó được hoàn thành",Đơn hàng từ các Shop khác nhau,Đã tồn tại,CB4_8_20251106042339,,,,,Facebook
251125N859JTNE,Đang chờ xử lý,217730322266509,2025-11-25 07:38:42,,2025-11-25 07:35:17,W311Dotcom*,511405289,C2C(Non-CB),26358057167,Quần DOUBLE KNEE - DIRTY WAX DENIM Washed Pant (NAM/NỮ) byW311Dotcom* - DELIVERY 010,217727190940,Normal Product,,Thời Trang Nam,Quần jean,,264050,1,XTRA Comm,,210344,,5.00%,10517.2,11.00%,23137.84,33655.04,10517.2,23137.84,33655.04,,0,0.00%,0,100.00%,33655.04,Đang chờ xử lý,"Trạng thái của sản phẩm đang chờ xử lý, hoa hồng sẽ chỉ được thanh toán khi nó được hoàn thành",Đơn hàng từ cùng một Shop,Đã tồn tại,CB4_8_20251106042339,,,,,Others
251125N7WU456X,Đang chờ xử lý,217730072229658,2025-11-25 07:34:33,,2025-11-23 20:07:31,BỐNG STORE <3,417241850,C2C(Non-CB),42724628640,Áo Thun Nữ Dài Tay Cổ Tròn Siêu Co Giãn Mềm Mịn Chất Tăm Dày Dặn,276996532966,Normal Product,,Thời Trang Nữ,Áo,Áo thun,49900,1,XTRA Comm,,49900,,5.00%,2495,4.00%,1996,4491,2495,1996,4491,,0,0.00%,0,100.00%,4491,Đang chờ xử lý,"Trạng thái của sản phẩm đang chờ xử lý, hoa hồng sẽ chỉ được thanh toán khi nó được hoàn thành",Đơn hàng từ các Shop khác nhau,Đã tồn tại,CB4_8_20251106042339,,,,,Facebook
251125N6WP3Q2A,Đang chờ xử lý,217728993221569,2025-11-25 07:16:34,,2025-11-24 20:45:48,Enter Việt Nam,922013040,C2C(Non-CB),21592844661,"(Hàng chính hãng)Combo 8 Gói Băng Vệ Sinh ICOOL Siêu Thấm Tím Mới 12 Miếng, Mặt Lưới, Bạc Hà Mát Dịu",222000680309,Normal Product,383329405317323_0_0,Sức Khỏe,Chăm sóc cá nhân,Chăm sóc phụ nữ,106080,1,XTRA Comm,,89107,,5.00%,4455.35,4.50%,4009.815,8465.165,4455.35,4009.815,8465.165,,0,0.00%,0,100.00%,8465.165,Đang chờ xử lý,"Trạng thái của sản phẩm đang chờ xử lý, hoa hồng sẽ chỉ được thanh toán khi nó được hoàn thành",Đơn hàng từ các Shop khác nhau,Đã tồn tại,CB4_8_20251106042339,,,,,Facebook
251125N6WP3Q2A,Đang chờ xử lý,217728993221569,2025-11-25 07:16:34,,2025-11-24 20:45:48,Enter Việt Nam,922013040,C2C(Non-CB),28366493738,"(Hàng chính hãng)Dung Dịch Vệ Sinh WinyPlus CoolFresh 100g Chiết Xuất Trà Xanh, Bạc Hà, Trầu Không",236976226819,Normal Product,383329405317323_0_0,Sức Khỏe,Chăm sóc cá nhân,Chăm sóc phụ nữ,0,1,XTRA Comm,,0,,5.00%,0,5.00%,0,0,0,0,0,,0,0.00%,0,100.00%,0,Đang chờ xử lý,"Trạng thái của sản phẩm đang chờ xử lý, hoa hồng sẽ chỉ được thanh toán khi nó được hoàn thành",Đơn hàng từ các Shop khác nhau,Đã tồn tại,CB4_8_20251106042339,,,,,Facebook
251125N5W4P4T7,Đang chờ xử lý,217727901219800,2025-11-25 06:58:21,,2025-11-25 06:56:43,ROWAY official,358123846,Shopee Mall(Non-CB),5370063043,"Áo khoác nam ROWAY, chất da PU nhập khẩu cao cấp | jacket đen",62550419759,Normal Product,,Thời Trang Nam,Áo khoác,Áo khoác,395000,1,XTRA Comm,,331800,,5.00%,16590,6.00%,19908,36498,16590,19908,36498,,0,0.00%,0,100.00%,36498,Đang chờ xử lý,"Trạng thái của sản phẩm đang chờ xử lý, hoa hồng sẽ chỉ được thanh toán khi nó được hoàn thành",Đơn hàng từ cùng một Shop,Đã tồn tại,CB4_8_20251106042339,,,,,Facebook
251125N5VETN1W,Đang chờ xử lý,217727878298044,2025-11-25 06:57:58,,2025-11-25 06:27:43,Sam Aqua - Phụ Kiện Cá Cảnh,7176451,C2C(Non-CB),29925814787,Máy bơm nước hồ cá Periha PB 7000 đến PB 35000 điều chỉnh lưu lượng 3 cấp độ siêu tiết kiệm điện,247724950311,Normal Product,,Chăm Sóc Thú Cưng,Phụ kiện cho thú cưng,Phụ kiện thủy sinh,1729999,1,XTRA Comm,,1418599,,0.00%,0,2.50%,35464.975,35464.975,0,35464.975,35464.975,,0,0.00%,0,100.00%,35464.975,Đang chờ xử lý,"Trạng thái của sản phẩm đang chờ xử lý, hoa hồng sẽ chỉ được thanh toán khi nó được hoàn thành",Đơn hàng từ các Shop khác nhau,Đã tồn tại,CB4_8_20251106042339,,,,,Facebook
251125N5SXMYJ9,Đang chờ xử lý,217727794227055,2025-11-25 06:56:34,,2025-11-25 06:15:45,ROWAY official,358123846,Shopee Mall(Non-CB),40418091570,"Áo khoác ROWAY chất liệu kaki, dày dặn, đứng form | Jacket zip kaki V2",248873131450,Normal Product,,Thời Trang Nam,Áo khoác,Áo khoác,348000,1,XTRA Comm,,270480,,5.00%,13524,6.00%,16228.8,29752.8,13524,16228.8,29752.8,,0,0.00%,0,100.00%,29752.8,Đang chờ xử lý,"Trạng thái của sản phẩm đang chờ xử lý, hoa hồng sẽ chỉ được thanh toán khi nó được hoàn thành",Đơn hàng từ cùng một Shop,Đã tồn tại,CB4_8_20251106042339,,,,,Facebook
251125N3US9QVB,Đang chờ xử lý,217725706236851,2025-11-25 06:22:39,,2025-11-25 06:09:30,SHOP ĐỒ GIA DỤNG MẠNH DŨNG,1223177785,Preferred(Non-CB),27513799957,Đĩa Bào Gỗ Nhanh - Đĩa Mài gỗ - mài Nhám Phá Gỗ Cho Máy Cắt. Lắp Máy Cằm Tay - Miễn Ship,168464640619,Normal Product,,Nhà cửa & Đời sống,Dụng cụ & Thiết bị tiện ích,Dụng cụ,16999,1,XTRA Comm,,16999,,5.00%,849.95,2.50%,424.975,1274.925,849.95,424.975,1274.925,,0,0.00%,0,100.00%,1274.925,Đang chờ xử lý,"Trạng thái của sản phẩm đang chờ xử lý, hoa hồng sẽ chỉ được thanh toán khi nó được hoàn thành",Đơn hàng từ các Shop khác nhau,Đã tồn tại,CB4_8_20251106042339,,,,,Facebook
251125N3D447UJ,Đang chờ xử lý,217725216273179,2025-11-25 06:13:36,,2025-11-25 05:58:44,Đồ câu Thiện Nguyên,505588444,C2C(Non-CB),11339736560,Combo 5 khóa link inox sức tải siêu khỏe,101981208374,Normal Product,,Thể Thao & Dã Ngoại,Dụng Cụ Thể Thao & Dã Ngoại,Câu Cá,19000,2,Shopee Comm,,31000,,5.00%,1550,0.00%,0,1550,1550,0,1550,,0,0.00%,0,100.00%,1550,Đang chờ xử lý,"Trạng thái của sản phẩm đang chờ xử lý, hoa hồng sẽ chỉ được thanh toán khi nó được hoàn thành",Đơn hàng từ các Shop khác nhau,Đã tồn tại,CB4_8_20251106042339,,,,,Facebook
251125N2S8YBFT,Đang chờ xử lý,217724550268116,2025-11-25 06:02:30,,2025-11-25 06:01:23,REZK STORE,1574448654,Preferred(Non-CB),28488599214,Tai nghe ngủ X55 Tai nghe làm việc mini không dây TWS Tai nghe với Microphone,300695858413,Normal Product,,Thiết Bị Âm Thanh,Tai nghe nhét tai & chụp tai,,51940,1,XTRA Comm,,51940,,5.00%,2597,8.00%,4155.2,6752.2,2597,4155.2,6752.2,,0,0.00%,0,100.00%,6752.2,Đang chờ xử lý,"Trạng thái của sản phẩm đang chờ xử lý, hoa hồng sẽ chỉ được thanh toán khi nó được hoàn thành",Đơn hàng từ cùng một Shop,Đã tồn tại,CB4_8_20251106042339,,,,,Others
251125MXJYNK3C,Đang chờ xử lý,217720044211664,2025-11-25 04:47:24,,2025-11-25 04:20:09,Wood Furniture,1588295059,Preferred(Non-CB),43718533351,"Woodworld ghế bập bênh Không cần cài đặt không cần lắp đặt, hoàn hảo cho giấc ngủ trưa",286521178522,Normal Product,,Nhà cửa & Đời sống,Nội thất,"Ghế, ghế dài, ghế đẩu",587252,1,XTRA Comm,,456746,,5.00%,22837.3,2.50%,11418.65,34255.95,22837.3,11418.65,34255.95,,0,0.00%,0,100.00%,34255.95,Đang chờ xử lý,"Trạng thái của sản phẩm đang chờ xử lý, hoa hồng sẽ chỉ được thanh toán khi nó được hoàn thành",Đơn hàng từ các Shop khác nhau,Đã tồn tại,CB4_8_20251106042339,,,,,Facebook
251125MXC67XY9,Đang chờ xử lý,217719816225097,2025-11-25 04:43:37,,2025-11-25 04:34:15,GloShop,63082962,C2C(Non-CB),1139736862,"Áo Mưa Bộ Vải Dù Có Phản Quang, Siêu Bền Không Thấm Nước, Đủ Size Từ M Đến 7XL Hàng Sundo",166365803990,Normal Product,,Thể Thao & Dã Ngoại,Phụ Kiện Thể Thao & Dã Ngoại,Áo Mưa,164997,1,Shopee Comm,,164997,,5.00%,8249.85,0.00%,0,8249.85,8249.85,0,8249.85,,0,0.00%,0,100.00%,8249.85,Đang chờ xử lý,"Trạng thái của sản phẩm đang chờ xử lý, hoa hồng sẽ chỉ được thanh toán khi nó được hoàn thành",Đơn hàng từ các Shop khác nhau,Đã tồn tại,CB4_8_20251106042339,,,,,Facebook
251125MUR6SCS3,Đã hủy,217716998225951,2025-11-25 03:56:39,--,2025-11-24 22:56:35,Minh Anh Pharma,1496064185,C2C(Non-CB),27530554407,"Lineabon Dạng Xịt Màu Xanh Bổ Sung Vitamin D3, K2 Giúp Hấp Thụ Canxi, Giảm Nguy Cơ Loãng Xương",195910898882,Normal Product,,Mẹ & Bé,Chăm sóc sức khỏe bé,Vitamin & Thực phẩm bổ sung,268000,0,Shopee Comm,,0,218000,5.00%,0,0.00%,0,0,0,0,0,,0,0.00%,0,100.00%,0,Đã hủy,Đơn hàng bị hủy bởi người mua.,Đơn hàng từ các Shop khác nhau,Đã tồn tại,CB4_8_20251106042339,,,,,Facebook
251125MSBWBKJX,Đang chờ xử lý,217714438201692,2025-11-25 03:13:58,,2025-11-25 00:10:04,Nhà Thuốc AN KHANG Official,301978286,Shopee Mall(Non-CB),26852728277,"Bột Thanh Nhiệt Datino hỗ trợ thanh nhiệt, mát gan, lợi tiểu hộp 10 gói x 8g",166523054566,Normal Product,,Thực phẩm và đồ uống,Đồ uống,Bột pha,37000,3,Shopee Comm,,94350,,5.00%,4717.5,0.00%,0,4717.5,4717.5,0,4717.5,,0,0.00%,0,100.00%,4717.5,Đang chờ xử lý,"Trạng thái của sản phẩm đang chờ xử lý, hoa hồng sẽ chỉ được thanh toán khi nó được hoàn thành",Đơn hàng từ các Shop khác nhau,Đã tồn tại,CB4_8_20251106042339,,,,,Facebook
251125MNUH45XN,Đang chờ xử lý,217710667274068,2025-11-25 02:11:08,,2025-11-25 01:05:52,Linchao.vn,1018537213,C2C(CB),26811993970,Vintage Acetate Chống Tia Xanh Kính Mắt Nam Nữ Thời Trang Cắm Đĩa Kim Loại Kính Khung Cho Nữ Nam Quang Kính Khung,217825048651,Normal Product,,Phụ Kiện Thời Trang,Kính mắt,Gọng kính,224420,1,Shopee Comm,,188512,,5.00%,9425.6,0.00%,0,9425.6,9425.6,0,9425.6,,0,0.00%,0,100.00%,9425.6,Đang chờ xử lý,"Trạng thái của sản phẩm đang chờ xử lý, hoa hồng sẽ chỉ được thanh toán khi nó được hoàn thành",Đơn hàng từ các Shop khác nhau,Đã tồn tại,CB4_8_20251106042339,,,,,Facebook
251125MK4WPQF0,Đang chờ xử lý,217707759238538,2025-11-25 01:23:31,,2025-11-25 01:12:21,FIREMAN SHOP,39100550,Preferred(Non-CB),28540198175,"Thắt lưng vô hình, unisex phong cách hàn quốc, co giãn có thể điều chỉnh không đường may liền mạch",286163205238,Normal Product,,Phụ Kiện Thời Trang,Thắt lưng,,14791,2,XTRA Comm,,29082,,5.00%,1454.1,2.50%,727.05,2181.15,1454.1,727.05,2181.15,,0,0.00%,0,100.00%,2181.15,Đang chờ xử lý,"Trạng thái của sản phẩm đang chờ xử lý, hoa hồng sẽ chỉ được thanh toán khi nó được hoàn thành",Đơn hàng từ các Shop khác nhau,Đã tồn tại,CB4_8_20251106042339,,,,,Facebook
251125MJQ465P7,Đang chờ xử lý,217707298266826,2025-11-25 01:14:58,,2025-11-25 01:06:45,iandyou.vn,273211552,Preferred(CB),26523972046,Iny Unisex Lớp Ngắn Quấn Váy Áo Sơ Mi Mở Rộng Checkered Hông Che Tạp Dề Váy Buộc Không Đều Overskirt Đường Phố,218160535518,Normal Product,,Thời Trang Nữ,Váy,,125604,1,XTRA Comm,,95604,,5.00%,4780.2,3.00%,2868.12,7648.32,4780.2,2868.12,7648.32,,0,0.00%,0,100.00%,7648.32,Đang chờ xử lý,"Trạng thái của sản phẩm đang chờ xử lý, hoa hồng sẽ chỉ được thanh toán khi nó được hoàn thành",Đơn hàng từ các Shop khác nhau,Đã tồn tại,CB4_8_20251106042339,,,,,Facebook
251125MFJHJ18R,Đang chờ xử lý,217703923290656,2025-11-25 00:18:44,,2025-11-25 00:11:22,MiraLife,1541240620,Preferred(Non-CB),28687984364,MiraLife  5 Cái Nút Lò Xo Kim Loại Nới Rộng Thắt Lưng Quần Jean Điều Chỉnh Được,291049354177,Normal Product,,Phụ Kiện Thời Trang,Phụ kiện thêm,Khác,21000,1,XTRA Comm,,21000,,5.00%,1050,1.00%,210,1260,1050,210,1260,,0,0.00%,0,100.00%,1260,Đang chờ xử lý,"Trạng thái của sản phẩm đang chờ xử lý, hoa hồng sẽ chỉ được thanh toán khi nó được hoàn thành",Đơn hàng từ các Shop khác nhau,Đã tồn tại,CB4_8_20251106042339,,,,,Facebook
251125ME2CCP8G,Đang chờ xử lý,217702307262085,2025-11-24 23:51:47,,2025-11-24 21:20:25,Shop GLT,817850170,Preferred(Non-CB),11497162856,"[ Giảm Kịch Sàn ] Lồng Ô Bát Quái Đánh Bắt Cá, Tôm, Lươn Siêu Nhạy 🔰 Hàng Chất Lượng - Giá Siêu Rẻ 🔰-Shop GLT-",155197363387,Normal Product,,Thể Thao & Dã Ngoại,Dụng Cụ Thể Thao & Dã Ngoại,Câu Cá,29993,1,Shopee Comm,,29993,,5.00%,1499.65,0.00%,0,1499.65,1499.65,0,1499.65,,0,0.00%,0,100.00%,1499.65,Đang chờ xử lý,"Trạng thái của sản phẩm đang chờ xử lý, hoa hồng sẽ chỉ được thanh toán khi nó được hoàn thành",Đơn hàng từ các Shop khác nhau,Đã tồn tại,CB4_8_20251106042339,,,,,Facebook
251125MCK5RBUE,Đang chờ xử lý,217700723248059,2025-11-24 23:25:27,,2025-11-23 21:18:41,Alpha Books Official,44665496,Shopee Mall(Non-CB),4700104045,Sách - Não Bộ Kể Gì Về Bạn (Omega Plus),42116536671,Normal Product,,Sách & Tạp Chí,Sách,Sách Kinh Tế - Kinh Doanh,119200,1,XTRA Comm,,118300,,5.00%,5915,1.50%,1774.5,7689.5,5915,1774.5,7689.5,,0,0.00%,0,100.00%,7689.5,Đang chờ xử lý,"Trạng thái của sản phẩm đang chờ xử lý, hoa hồng sẽ chỉ được thanh toán khi nó được hoàn thành",Đơn hàng từ các Shop khác nhau,Đã tồn tại,CB4_8_20251106042339,,,,,Facebook
251124MB4QYK0T,Đang chờ xử lý,217699165299953,2025-11-24 22:59:25,,2025-11-24 08:53:50,Hợp Mỹ Mart,1584792362,C2C(Non-CB),26638759165,"Băng keo nano 2 mặt siêu dính - trong suốt không để lại vết, cố định tường đa năng, keo ma thuật chịu lực tốt",253634365634,Normal Product,,Nhà cửa & Đời sống,Dụng cụ & Thiết bị tiện ích,Keo & chất kết chính công nghiệp,28550,1,XTRA Comm,,28550,,5.00%,1427.5,7.50%,2141.25,3568.75,1427.5,2141.25,3568.75,,0,0.00%,0,100.00%,3568.75,Đang chờ xử lý,"Trạng thái của sản phẩm đang chờ xử lý, hoa hồng sẽ chỉ được thanh toán khi nó được hoàn thành",Đơn hàng từ các Shop khác nhau,Đã tồn tại,CB4_8_20251106042339,,,,,Facebook
251124MB4QYK0S,Đang chờ xử lý,217699165299952,2025-11-24 22:59:25,,2025-11-24 08:53:50,CỬA HÀNG BUNBUN,63096765,Preferred(Non-CB),22423777677,"Combo 2 Tấm Bìa mô hình Fomex loại 1 - Độ dầy 3mm, 5mm",380004881107,Normal Product,,Nhà cửa & Đời sống,Trang trí nhà cửa,Khác,25000,1,XTRA Comm,,25000,,5.00%,1250,7.50%,1875,3125,1250,1875,3125,,0,0.00%,0,100.00%,3125,Đang chờ xử lý,"Trạng thái của sản phẩm đang chờ xử lý, hoa hồng sẽ chỉ được thanh toán khi nó được hoàn thành",Đơn hàng từ các Shop khác nhau,Đã tồn tại,CB4_8_20251106042339,,,,,Facebook
251124MB4QYK0R,Đang chờ xử lý,217699165299951,2025-11-24 22:59:25,,2025-11-24 08:53:50,Linh Kiện Điện Tử ViNa,301053603,Preferred(Non-CB),21951151345,"Thanh Jump Cái Đơn Thẳng 1*40P 2.54mm, 1 hàng 40 chân, khoảng cách giữa 2 chân là 2.54mm",202576630429,Normal Product,,Thiết Bị Điện Gia Dụng,Mạch điện & Phụ tùng,Khác,13916,1,XTRA Comm,,13916,,5.00%,695.8,1.00%,139.16,834.96,695.8,139.16,834.96,,0,0.00%,0,100.00%,834.96,Đang chờ xử lý,"Trạng thái của sản phẩm đang chờ xử lý, hoa hồng sẽ chỉ được thanh toán khi nó được hoàn thành",Đơn hàng từ các Shop khác nhau,Đã tồn tại,CB4_8_20251106042339,,,,,Facebook
251124MABK2PA6,Đang chờ xử lý,217698321291189,2025-11-24 22:45:21,,2025-11-22 19:14:29,utuony.vn,1607101998,C2C(Non-CB),52350330023,Sửa chữa ô tô Chống trượt Dây đai Bộ lọc Cờ lê Nhà Máy lọc nước Cờ lê Cờ lê Bộ lọc Dầu UTU,375030834825,Normal Product,,Ô tô,Dụng cụ sửa chữa ô tô,"Dụng cụ Kiểm tra, chẩn đoán & sửa chữa",35899,1,XTRA Comm,,32899,,5.00%,1644.95,5.00%,1644.95,3289.9,1644.95,1644.95,3289.9,,0,0.00%,0,100.00%,3289.9,Đang chờ xử lý,"Trạng thái của sản phẩm đang chờ xử lý, hoa hồng sẽ chỉ được thanh toán khi nó được hoàn thành",Đơn hàng từ các Shop khác nhau,Đã tồn tại,CB4_8_20251106042339,,,,,Facebook
251124M5BGUBEU,Đang chờ xử lý,217692950245168,2025-11-24 21:15:54,,2025-11-24 21:00:51,SHAKAFUNI OFFICIAL,1268130432,C2C(Non-CB),26222724289,Bàn Học Có Giá Sách SHAKAFUNI SH-C1,271919442270,Normal Product,,Nhà cửa & Đời sống,Nội thất,Bàn,1550000,1,XTRA Comm,,1550000,,5.00%,50000,4.00%,62000,112000,50000,62000,112000,,0,0.00%,0,100.00%,112000,Đang chờ xử lý,"Trạng thái của sản phẩm đang chờ xử lý, hoa hồng sẽ chỉ được thanh toán khi nó được hoàn thành",Đơn hàng từ các Shop khác nhau,Đã tồn tại,CB4_8_20251106042339,,,,,Facebook
251124M2NS55TN,Đang chờ xử lý,217690073270506,2025-11-24 20:27:53,,2025-11-24 17:32:15,xsgyerbeo4,1484783904,C2C(Non-CB),53700739223,"Giày nam mùa thu mới, giày thể thao lưới thoáng khí, phong cách Hàn Quốc, giày bố thời trang đa năng,  giày thời trang",307121518913,Normal Product,,Giày Dép Nam,Giày thể thao/ Sneakers,,175999,1,Shopee Comm,,154879,,5.00%,7743.95,0.00%,0,7743.95,7743.95,0,7743.95,,0,0.00%,0,100.00%,7743.95,Đang chờ xử lý,"Trạng thái của sản phẩm đang chờ xử lý, hoa hồng sẽ chỉ được thanh toán khi nó được hoàn thành",Đơn hàng từ các Shop khác nhau,Đã tồn tại,CB4_8_20251106042339,,,,,Facebook
251124KVVPTJY1,Đang chờ xử lý,217683863260114,2025-11-24 18:44:24,,2025-11-23 20:01:57,SOMIA_fishing,876245525,C2C(Non-CB),26730791027,1 cặp ốc mạ titan + lục hoa thị - SOMIA_fishing,242985247330,Normal Product,,Thể Thao & Dã Ngoại,Dụng Cụ Thể Thao & Dã Ngoại,Bắn Súng & Game Sinh Tồn,11999,1,XTRA Comm,,11999,,5.00%,599.95,2.50%,299.975,899.925,599.95,299.975,899.925,,0,0.00%,0,100.00%,899.925,Đang chờ xử lý,"Trạng thái của sản phẩm đang chờ xử lý, hoa hồng sẽ chỉ được thanh toán khi nó được hoàn thành",Đơn hàng từ các Shop khác nhau,Đã tồn tại,CB4_8_20251106042339,,,,,Facebook
251124KVP17KY4,Đang chờ xử lý,217683639299001,2025-11-24 18:40:39,,2025-11-23 20:59:36,CỬA HÀNG PHỤ KIỆN ĐIỆN THOẠI ,435175210,Preferred(Non-CB),24878439587,Ốp Điện Thoại chống sốc có chân đế xoay Cho iphone 11 12 13 14 15 16 17 Pro Max,147290138805,Normal Product,,Điện Thoại & Phụ Kiện,Phụ kiện,"Vỏ bao, Ốp lưng & Miếng dán",175500,1,Shopee Comm,,168500,,5.00%,8425,0.00%,0,8425,8425,0,8425,,0,0.00%,0,100.00%,8425,Đang chờ xử lý,"Trạng thái của sản phẩm đang chờ xử lý, hoa hồng sẽ chỉ được thanh toán khi nó được hoàn thành",Đơn hàng từ các Shop khác nhau,Đã tồn tại,CB4_8_20251106042339,,,,,Facebook
251124KVG69YEM,Đang chờ xử lý,217683443284404,2025-11-24 18:37:23,,2025-11-24 18:30:25,Shine29,143512809,C2C(Non-CB),28612166951,Áo Khoác T1 5 sao màu trắng CKTG 2024,129077718910,Normal Product,,Thời Trang Nam,Áo khoác,Áo khoác,680000,1,XTRA Comm,,584800,,5.00%,29240,4.00%,23392,52632,29240,23392,52632,,0,0.00%,0,100.00%,52632,Đang chờ xử lý,"Trạng thái của sản phẩm đang chờ xử lý, hoa hồng sẽ chỉ được thanh toán khi nó được hoàn thành",Đơn hàng từ các Shop khác nhau,Đã tồn tại,CB4_8_20251106042339,,,,,Facebook
251124KTAR6UYJ,Đang chờ xử lý,217681113255415,2025-11-24 17:58:33,,2025-11-24 17:57:33,YY--Watch Band Store vn,1349122564,Preferred(CB),29963343933,Dây đeo silicon cao su 25mm cho Richard Mille Spring Lug Dây đeo đồng hồ cao su chống thấm nước Dây đeo đồng hồ thể thao mềm Phụ,246727838441,Normal Product,,Đồng Hồ,Phụ kiện đồng hồ,Dây đồng hồ,113280,1,XTRA Comm,,99686,,5.00%,4984.3,1.50%,1495.29,6479.59,4984.3,1495.29,6479.59,,0,0.00%,0,100.00%,6479.59,Đang chờ xử lý,"Trạng thái của sản phẩm đang chờ xử lý, hoa hồng sẽ chỉ được thanh toán khi nó được hoàn thành",Đơn hàng từ các Shop khác nhau,Đã tồn tại,CB4_8_20251106042339,,,,,Facebook
251124KRM61G8R,Đã hủy,217679282269783,2025-11-24 17:28:02,--,2025-11-23 22:13:31,Go To BƠI,1107903433,Preferred(Non-CB),25153438205,"Quần bơi nam 2 lớp, Quần thể thao chống lộ ống suông YUKE/ Nhập khẩu chính hãng",240336904005,Normal Product,,Thể Thao & Dã Ngoại,Thời Trang Thể Thao & Dã Ngoại,Đồ Bơi,109000,0,XTRA Comm,,0,91124,5.00%,0,5.00%,0,0,0,0,0,,0,0.00%,0,100.00%,0,Đã hủy,Đơn hàng không hợp lệ.,Đơn hàng từ các Shop khác nhau,Đã tồn tại,CB4_8_20251106042339,,,,,Facebook
251124K8Y9K308,Đang chờ xử lý,217662475219376,2025-11-24 12:47:55,,2025-11-23 21:10:03,Tạp Hoá MSN,654798986,C2C(Non-CB),54350193418,"Chân Kệ Máy Lọc Nước Đa Năng, Có Thể Điều Chỉnh Kích Thước, Chất Liệu Inox Chống Gỉ Kết Hợp Nhựa Cao Cấp - TẠP HOÁ MSN",425019122014,Normal Product,,Nhà cửa & Đời sống,Nội thất,Kệ & Giá,69000,1,XTRA Comm,,69000,,5.00%,3450,2.50%,1725,5175,3450,1725,5175,,0,0.00%,0,100.00%,5175,Đang chờ xử lý,"Trạng thái của sản phẩm đang chờ xử lý, hoa hồng sẽ chỉ được thanh toán khi nó được hoàn thành",Đơn hàng từ các Shop khác nhau,Đã tồn tại,CB4_8_20251106042339,,,,,Facebook
251124K87384QA,Đang chờ xử lý,217661663253251,2025-11-24 12:34:23,,2025-11-23 21:46:25,Vùng Đất Mới,231075983,C2C(Non-CB),27569928246,Khăn tay khăn mùi xoa dành cho nam (kích thước 25x25cm),257197921277,Normal Product,,Phụ Kiện Thời Trang,Phụ kiện thêm,Khăn tay,30000,1,Shopee Comm,,25000,,5.00%,1250,0.00%,0,1250,1250,0,1250,,0,0.00%,0,100.00%,1250,Đang chờ xử lý,"Trạng thái của sản phẩm đang chờ xử lý, hoa hồng sẽ chỉ được thanh toán khi nó được hoàn thành",Đơn hàng từ các Shop khác nhau,Đã tồn tại,CB4_8_20251106042339,,,,,Facebook
251124K6ABNKC1,Đang chờ xử lý,217659625262853,2025-11-24 12:00:25,,2025-11-24 01:18:29,Kho sỉ MINH CHÂU,1226600566,C2C(Non-CB),24072590002,Ví ngắn nữ - Bóp ngắn mini Forever Lovely khóa kéo,250589493785,Normal Product,,Túi Ví Nữ,Ví,Ví mini đựng tiền,29000,2,Shopee Comm,,52200,,5.00%,2610,0.00%,0,2610,2610,0,2610,,0,0.00%,0,100.00%,2610,Đang chờ xử lý,"Trạng thái của sản phẩm đang chờ xử lý, hoa hồng sẽ chỉ được thanh toán khi nó được hoàn thành",Đơn hàng từ các Shop khác nhau,Đã tồn tại,CB4_8_20251106042339,,,,,Facebook
251124JYBQQK82,Đang chờ xử lý,217652155272719,2025-11-24 09:55:56,,2025-11-23 22:42:06,Phutung_360,1272619779,Preferred(Non-CB),28403514420,Chân Chống Inox Pha Sắt Cho Mọi Loại Xe Cực Cứng Cáp PTXM360,246123461819,Normal Product,,"Mô tô, xe máy",Phụ tùng xe máy,Hệ thống khung xe,29900,1,Shopee Comm,,26910,,5.00%,1345.5,0.00%,0,1345.5,1345.5,0,1345.5,,0,0.00%,0,100.00%,1345.5,Đang chờ xử lý,"Trạng thái của sản phẩm đang chờ xử lý, hoa hồng sẽ chỉ được thanh toán khi nó được hoàn thành",Đơn hàng từ các Shop khác nhau,Đã tồn tại,CB4_8_20251106042339,,,,,Facebook
251124JYBQQK81,Đang chờ xử lý,217652155272719,2025-11-24 09:55:56,,2025-11-23 22:42:06,megauin,66306557,C2C(Non-CB),5359204291,"Baga xe Wave Anfa đời năm 2007-2025, Wave 50cc, Sirius, Dream, RSX, Blade, Si Fi",210457295186,Normal Product,,"Mô tô, xe máy",Phụ tùng xe máy,Hệ thống khung xe,99000,1,XTRA Comm,,89100,,5.00%,4455,3.00%,2673,7128,4455,2673,7128,,0,0.00%,0,100.00%,7128,Đang chờ xử lý,"Trạng thái của sản phẩm đang chờ xử lý, hoa hồng sẽ chỉ được thanh toán khi nó được hoàn thành",Đơn hàng từ các Shop khác nhau,Đã tồn tại,CB4_8_20251106042339,,,,,Facebook
251124JX9FXBTA,Đang chờ xử lý,217651006257474,2025-11-24 09:36:46,,2025-11-24 00:06:00,nhà phân phối Hồng Thúy,1634210059,C2C(Non-CB),43870947216,Tương ớt gói 15gr hoa sen màng TV- túi 100 gói,286707722164,Normal Product,,Thực phẩm và đồ uống,Nguyên liệu nấu ăn,Gia vị & Hương liệu,34500,5,Shopee Comm,,172500,,5.00%,8625,0.00%,0,8625,8625,0,8625,,0,0.00%,0,100.00%,8625,Đang chờ xử lý,"Trạng thái của sản phẩm đang chờ xử lý, hoa hồng sẽ chỉ được thanh toán khi nó được hoàn thành",Đơn hàng từ các Shop khác nhau,Đã tồn tại,CB4_8_20251106042339,,,,,Websites
251124JTMBYQRM,Đang chờ xử lý,217647076249000,2025-11-24 08:31:20,,2025-11-23 21:43:58,Her Feel Store,999525042,Shopee Mall(Non-CB),25914083694,Bao cao su PlayAh Her Feel Ultra Thin 003 Hộp 3/10 Size 52mm Siêu Mỏng Nhiều Gel Cao Cấp,197321823421,Normal Product,,Sức Khỏe,Hỗ trợ tình dục,Bao cao su,209000,1,XTRA Comm,,188000,,5.00%,9400,2.50%,4700,14100,9400,4700,14100,,0,0.00%,0,100.00%,14100,Đang chờ xử lý,"Trạng thái của sản phẩm đang chờ xử lý, hoa hồng sẽ chỉ được thanh toán khi nó được hoàn thành",Đơn hàng từ các Shop khác nhau,Đã tồn tại,CB4_8_20251106042339,,,,,Facebook
251124JTD92AN1,Đang chờ xử lý,217646838294067,2025-11-24 08:27:18,,2025-11-24 02:10:26,Xưởng May Ánh Minh,1143537879,Preferred(Non-CB),43261790357,quần kẻ sọc chỉ ống suông rộng hack dáng đủ size dễ mặc chất vải Gold hàn mịn mát MA092,218632023754,Normal Product,,Thời Trang Nữ,Quần,Quần dài,65000,1,XTRA Comm,,50000,,5.00%,2500,2.50%,1250,3750,2500,1250,3750,,0,0.00%,0,100.00%,3750,Đang chờ xử lý,"Trạng thái của sản phẩm đang chờ xử lý, hoa hồng sẽ chỉ được thanh toán khi nó được hoàn thành",Đơn hàng từ các Shop khác nhau,Đã tồn tại,CB4_8_20251106042339,,,,,Facebook
251124JRD6KRRY,Đang chờ xử lý,217644688242717,2025-11-24 07:51:32,,2025-11-23 22:01:39,Cocoon Vietnam Chính Hãng,175753395,Shopee Mall(Non-CB),3980168595,Gel rửa mặt hoa hồng Cocoon làm sạch & cấp ẩm 140ml,63816543194,Normal Product,,Sắc Đẹp,Chăm sóc da mặt,Sữa rửa mặt,192000,1,XTRA Comm,,167951,,5.00%,8397.55,4.00%,6718.04,15115.59,41900,33520,75420,,0,0.00%,0,100.00%,75420,Đang chờ xử lý,"Trạng thái của sản phẩm đang chờ xử lý, hoa hồng sẽ chỉ được thanh toán khi nó được hoàn thành",Đơn hàng từ các Shop khác nhau,Đã tồn tại,CB4_8_20251106042339,,,,,Facebook
251124JRD6KRRY,Đang chờ xử lý,217644688242717,2025-11-24 07:51:32,,2025-11-23 22:01:39,Cocoon Vietnam Chính Hãng,175753395,Shopee Mall(Non-CB),4975722875,Bigsize - Thạch hoa hồng dưỡng ẩm (kem dưỡng ẩm) Cocoon cấp ẩm & nuôi dưỡng 100ml,53305235975,Normal Product,,Sắc Đẹp,Chăm sóc da mặt,Kem dưỡng ẩm,378000,1,XTRA Comm,,330651,,5.00%,16532.55,4.00%,13226.04,29758.59,0,0,0,,0,0.00%,0,100.00%,0,Đang chờ xử lý,"Trạng thái của sản phẩm đang chờ xử lý, hoa hồng sẽ chỉ được thanh toán khi nó được hoàn thành",Đơn hàng từ các Shop khác nhau,Đã tồn tại,CB4_8_20251106042339,,,,,Facebook
251124JRD6KRRY,Đang chờ xử lý,217644688242717,2025-11-24 07:51:32,,2025-11-23 22:01:39,Cocoon Vietnam Chính Hãng,175753395,Shopee Mall(Non-CB),20140140610,"Kem chống nắng bí đao quang phổ rộng SPF 50 +, PA ++++ Cocoon 50ml",202041886689,Normal Product,,Sắc Đẹp,Chăm sóc da mặt,Kem chống nắng cho mặt,388000,1,XTRA Comm,,339398,,5.00%,16969.9,4.00%,13575.92,30545.82,0,0,0,,0,0.00%,0,100.00%,0,Đang chờ xử lý,"Trạng thái của sản phẩm đang chờ xử lý, hoa hồng sẽ chỉ được thanh toán khi nó được hoàn thành",Đơn hàng từ các Shop khác nhau,Đã tồn tại,CB4_8_20251106042339,,,,,Facebook
251124JQWSHQY2,Đang chờ xử lý,217644171222860,2025-11-24 07:42:52,,2025-11-24 06:32:13,LAIMAX,1175586212,C2C(Non-CB),29392802776,[LAIMAX] Máy Hút Chân Không Kèm Hàn Miệng Túi LS1-0660-2510 Giúp Bảo Quản Thực Phẩm Tại Nhà Nhanh Gọn,301923931888,Normal Product,,Nhà cửa & Đời sống,Dụng cụ nhà bếp,Dụng cụ hút chân không,90200,1,Shopee Comm,,90200,,5.00%,4510,0.00%,0,4510,4510,0,4510,,0,0.00%,0,100.00%,4510,Đang chờ xử lý,"Trạng thái của sản phẩm đang chờ xử lý, hoa hồng sẽ chỉ được thanh toán khi nó được hoàn thành",Đơn hàng từ các Shop khác nhau,Đã tồn tại,CB4_8_20251106042339,,,,,Facebook
251124JNAC98CU,Đang chờ xử lý,217641372299569,2025-11-24 06:56:13,,2025-11-23 23:04:10,Hauhaushop91,53118009,Preferred(Non-CB),10654251592,"Đồng Hồ Thông Minh Trẻ Em Q12 Q15 Lắp Sim Nghe Gọi 2 Chiều,Nhắn Tin, Chống Nước IP67, cuộc goi SOS khẩn cấp",148359452428,Normal Product,,Điện Thoại & Phụ Kiện,Thiết bị đeo thông minh,Đồng hồ thông minh & Vòng đeo tay sức khỏe,230000,1,XTRA Comm,,195500,,5.00%,9775,3.00%,5865,15640,9775,5865,15640,,0,0.00%,0,100.00%,15640,Đang chờ xử lý,"Trạng thái của sản phẩm đang chờ xử lý, hoa hồng sẽ chỉ được thanh toán khi nó được hoàn thành",Đơn hàng từ các Shop khác nhau,Đã tồn tại,CB4_8_20251106042339,,,,,Facebook
251124J85AR21M,Đang chờ xử lý,217627244276731,2025-11-24 03:00:45,,2025-11-23 20:40:57,Đoàn - Thiết Bị Vệ Sinh,485744955,Preferred(Non-CB),27853708298,Vòi hoa sen vòi sen tăng áp vòi sen tắm cao cấp 3 chế độ chỉnh nước,119197200164,Normal Product,,Nhà cửa & Đời sống,Đồ dùng phòng tắm,Vòi sen & vòi xịt vệ sinh,79500,1,Shopee Comm,,79500,,5.00%,3975,0.00%,0,3975,3975,0,3975,,0,0.00%,0,100.00%,3975,Đang chờ xử lý,"Trạng thái của sản phẩm đang chờ xử lý, hoa hồng sẽ chỉ được thanh toán khi nó được hoàn thành",Đơn hàng từ các Shop khác nhau,Đã tồn tại,CB4_8_20251106042339,,,,,Facebook
251124HU9B4BX9,Đang chờ xử lý,217613420246467,2025-11-23 23:10:24,,2025-11-23 23:08:15,Tai nghe Bluetooth Clara,292526499,Preferred(CB),28886189061,Tai nghe ngủ khử tiếng ồn X55 Tai nghe Bluetooth điều khiển cảm ứng V5.49 với âm thanh nổi Hi-Fi & Mic tích hợp,188506868784,Normal Product,,Thiết Bị Âm Thanh,Tai nghe nhét tai & chụp tai,,69999,1,XTRA Comm,,65952,,5.00%,3297.6,5.00%,3297.6,6595.2,3297.6,3297.6,6595.2,,0,0.00%,0,100.00%,6595.2,Đang chờ xử lý,"Trạng thái của sản phẩm đang chờ xử lý, hoa hồng sẽ chỉ được thanh toán khi nó được hoàn thành",Đơn hàng từ các Shop khác nhau,Đã tồn tại,CB4_8_20251106042339,,,,,Websites
251123HSJUSW56,Đang chờ xử lý,217611590239293,2025-11-23 22:40:43,,2025-11-23 22:34:40,Chiwawa Shop,96652958,Preferred(Non-CB),28661812314,(form đẹp) Áo khoác jean nam nữ xám DD form đẹp rộng vừa size 40-75kg Chiwawa shop,241629373503,Normal Product,,Thời Trang Nam,Áo khoác,Áo khoác,179000,1,Shopee Comm,,179000,,5.00%,8950,0.00%,0,8950,8950,0,8950,,0,0.00%,0,100.00%,8950,Đang chờ xử lý,"Trạng thái của sản phẩm đang chờ xử lý, hoa hồng sẽ chỉ được thanh toán khi nó được hoàn thành",Đơn hàng từ các Shop khác nhau,Đã tồn tại,CB4_8_20251106042339,,,,,Facebook
251123HJW40XDQ,Đang chờ xử lý,217604420200627,2025-11-23 20:40:20,,2025-11-23 20:32:29,Tifany Store,156000932,C2C(Non-CB),22943002240,Áo Lót Ngực Nữ Sinh Không Gọng Mút Mỏng Ôm Ngực Mặc Thoải Mái 135,214308604420,Normal Product,,Thời Trang Nữ,Đồ lót,Áo ngực,42898,2,Shopee Comm,,75796,,5.00%,3789.8,0.00%,0,3789.8,3789.8,0,3789.8,,0,0.00%,0,100.00%,3789.8,Đang chờ xử lý,"Trạng thái của sản phẩm đang chờ xử lý, hoa hồng sẽ chỉ được thanh toán khi nó được hoàn thành",Đơn hàng từ các Shop khác nhau,Đã tồn tại,CB4_8_20251106042339,,,,,Facebook
